sample_id,record_id,density,biomass
DEMO_summer_01,DEMO_R001,3,11.4295
DEMO_summer_01,DEMO_R002,1,3.7126
DEMO_summer_01,DEMO_R003,0,0.0
DEMO_summer_01,DEMO_R004,0,0.0
DEMO_summer_01,DEMO_R005,0,0.0
DEMO_summer_01,DEMO_R006,0,0.0
DEMO_summer_01,DEMO_R007,0,0.0
DEMO_summer_01,DEMO_R008,12,18.2719
DEMO_summer_01,DEMO_R009,0,0.0
DEMO_summer_01,DEMO_R010,0,0.0
DEMO_summer_01,DEMO_R011,0,0.0
DEMO_summer_01,DEMO_R012,0,0.0
DEMO_summer_01,DEMO_R013,0,0.0
DEMO_summer_01,DEMO_R014,0,0.0
DEMO_summer_01,DEMO_R015,0,0.0
DEMO_summer_01,DEMO_R016,0,0.0
DEMO_summer_01,DEMO_R017,0,0.0
DEMO_summer_01,DEMO_R018,0,0.0
DEMO_summer_01,DEMO_R019,13,5.1079
DEMO_summer_01,DEMO_R020,0,0.0
DEMO_summer_01,DEMO_R021,0,0.0
DEMO_summer_01,DEMO_R022,0,0.0
DEMO_summer_01,DEMO_R023,0,0.0
DEMO_summer_01,DEMO_R024,0,0.0
DEMO_summer_01,DEMO_R025,17,43.5382
DEMO_summer_01,DEMO_R026,0,0.0
DEMO_summer_01,DEMO_R027,7,3.7874
DEMO_summer_01,DEMO_R028,0,0.0
DEMO_summer_01,DEMO_R029,0,0.0
DEMO_summer_01,DEMO_R030,28,7.1261
DEMO_summer_01,DEMO_R031,0,0.0
DEMO_summer_01,DEMO_R032,0,0.0
DEMO_summer_01,DEMO_R033,0,0.0
DEMO_summer_01,DEMO_R034,2,5.4368
DEMO_summer_01,DEMO_R035,25,54.4248
DEMO_summer_01,DEMO_R036,0,0.0
DEMO_summer_01,DEMO_R037,0,0.0
DEMO_summer_01,DEMO_R038,0,0.0
DEMO_summer_01,DEMO_R039,0,0.0
DEMO_summer_01,DEMO_R040,0,0.0
DEMO_summer_01,DEMO_R041,8,23.7572
DEMO_summer_01,DEMO_R042,0,0.0
DEMO_summer_01,DEMO_R043,18,68.5618
DEMO_summer_01,DEMO_R044,0,0.0
DEMO_summer_01,DEMO_R045,0,0.0
DEMO_summer_01,DEMO_R046,0,0.0
DEMO_summer_01,DEMO_R047,0,0.0
DEMO_summer_02,DEMO_R001,1,2.4294
DEMO_summer_02,DEMO_R002,1,2.7584
DEMO_summer_02,DEMO_R003,0,0.0
DEMO_summer_02,DEMO_R004,0,0.0
DEMO_summer_02,DEMO_R005,10,18.5496
DEMO_summer_02,DEMO_R006,11,13.3185
DEMO_summer_02,DEMO_R007,0,0.0
DEMO_summer_02,DEMO_R008,0,0.0
DEMO_summer_02,DEMO_R009,0,0.0
DEMO_summer_02,DEMO_R010,4,0.3812
DEMO_summer_02,DEMO_R011,0,0.0
DEMO_summer_02,DEMO_R012,15,6.9362
DEMO_summer_02,DEMO_R013,0,0.0
DEMO_summer_02,DEMO_R014,0,0.0
DEMO_summer_02,DEMO_R015,0,0.0
DEMO_summer_02,DEMO_R016,10,14.9043
DEMO_summer_02,DEMO_R017,0,0.0
DEMO_summer_02,DEMO_R018,0,0.0
DEMO_summer_02,DEMO_R019,0,0.0
DEMO_summer_02,DEMO_R020,0,0.0
DEMO_summer_02,DEMO_R021,0,0.0
DEMO_summer_02,DEMO_R022,0,0.0
DEMO_summer_02,DEMO_R023,0,0.0
DEMO_summer_02,DEMO_R024,0,0.0
DEMO_summer_02,DEMO_R025,0,0.0
DEMO_summer_02,DEMO_R026,3,1.5993
DEMO_summer_02,DEMO_R027,0,0.0
DEMO_summer_02,DEMO_R028,22,28.358
DEMO_summer_02,DEMO_R029,0,0.0
DEMO_summer_02,DEMO_R030,28,75.9111
DEMO_summer_02,DEMO_R031,0,0.0
DEMO_summer_02,DEMO_R032,0,0.0
DEMO_summer_02,DEMO_R033,0,0.0
DEMO_summer_02,DEMO_R034,0,0.0
DEMO_summer_02,DEMO_R035,0,0.0
DEMO_summer_02,DEMO_R036,0,0.0
DEMO_summer_02,DEMO_R037,0,0.0
DEMO_summer_02,DEMO_R038,0,0.0
DEMO_summer_02,DEMO_R039,0,0.0
DEMO_summer_02,DEMO_R040,0,0.0
DEMO_summer_02,DEMO_R041,0,0.0
DEMO_summer_02,DEMO_R042,6,7.7512
DEMO_summer_02,DEMO_R043,10,21.8436
DEMO_summer_02,DEMO_R044,11,0.3458
DEMO_summer_02,DEMO_R045,0,0.0
DEMO_summer_02,DEMO_R046,0,0.0
DEMO_summer_02,DEMO_R047,0,0.0
DEMO_summer_03,DEMO_R001,2,4.5923
DEMO_summer_03,DEMO_R002,3,5.0552
DEMO_summer_03,DEMO_R003,0,0.0
DEMO_summer_03,DEMO_R004,23,63.7071
DEMO_summer_03,DEMO_R005,0,0.0
DEMO_summer_03,DEMO_R006,0,0.0
DEMO_summer_03,DEMO_R007,27,104.5812
DEMO_summer_03,DEMO_R008,0,0.0
DEMO_summer_03,DEMO_R009,0,0.0
DEMO_summer_03,DEMO_R010,0,0.0
DEMO_summer_03,DEMO_R011,24,60.5489
DEMO_summer_03,DEMO_R012,0,0.0
DEMO_summer_03,DEMO_R013,29,113.7374
DEMO_summer_03,DEMO_R014,2,5.8732
DEMO_summer_03,DEMO_R015,0,0.0
DEMO_summer_03,DEMO_R016,22,75.1338
DEMO_summer_03,DEMO_R017,0,0.0
DEMO_summer_03,DEMO_R018,22,35.7237
DEMO_summer_03,DEMO_R019,0,0.0
DEMO_summer_03,DEMO_R020,0,0.0
DEMO_summer_03,DEMO_R021,0,0.0
DEMO_summer_03,DEMO_R022,14,54.3674
DEMO_summer_03,DEMO_R023,0,0.0
DEMO_summer_03,DEMO_R024,20,19.9405
DEMO_summer_03,DEMO_R025,0,0.0
DEMO_summer_03,DEMO_R026,11,43.6961
DEMO_summer_03,DEMO_R027,17,31.8297
DEMO_summer_03,DEMO_R028,0,0.0
DEMO_summer_03,DEMO_R029,0,0.0
DEMO_summer_03,DEMO_R030,0,0.0
DEMO_summer_03,DEMO_R031,0,0.0
DEMO_summer_03,DEMO_R032,0,0.0
DEMO_summer_03,DEMO_R033,0,0.0
DEMO_summer_03,DEMO_R034,24,84.0879
DEMO_summer_03,DEMO_R035,11,1.1732
DEMO_summer_03,DEMO_R036,0,0.0
DEMO_summer_03,DEMO_R037,0,0.0
DEMO_summer_03,DEMO_R038,24,14.3371
DEMO_summer_03,DEMO_R039,20,50.8742
DEMO_summer_03,DEMO_R040,0,0.0
DEMO_summer_03,DEMO_R041,0,0.0
DEMO_summer_03,DEMO_R042,0,0.0
DEMO_summer_03,DEMO_R043,28,68.6087
DEMO_summer_03,DEMO_R044,26,73.574
DEMO_summer_03,DEMO_R045,0,0.0
DEMO_summer_03,DEMO_R046,0,0.0
DEMO_summer_03,DEMO_R047,0,0.0
DEMO_summer_04,DEMO_R001,1,2.7182
DEMO_summer_04,DEMO_R002,1,3.16
DEMO_summer_04,DEMO_R003,13,38.2521
DEMO_summer_04,DEMO_R004,0,0.0
DEMO_summer_04,DEMO_R005,0,0.0
DEMO_summer_04,DEMO_R006,0,0.0
DEMO_summer_04,DEMO_R007,0,0.0
DEMO_summer_04,DEMO_R008,0,0.0
DEMO_summer_04,DEMO_R009,0,0.0
DEMO_summer_04,DEMO_R010,0,0.0
DEMO_summer_04,DEMO_R011,0,0.0
DEMO_summer_04,DEMO_R012,0,0.0
DEMO_summer_04,DEMO_R013,0,0.0
DEMO_summer_04,DEMO_R014,0,0.0
DEMO_summer_04,DEMO_R015,0,0.0
DEMO_summer_04,DEMO_R016,0,0.0
DEMO_summer_04,DEMO_R017,7,7.6301
DEMO_summer_04,DEMO_R018,0,0.0
DEMO_summer_04,DEMO_R019,8,8.863
DEMO_summer_04,DEMO_R020,0,0.0
DEMO_summer_04,DEMO_R021,0,0.0
DEMO_summer_04,DEMO_R022,0,0.0
DEMO_summer_04,DEMO_R023,0,0.0
DEMO_summer_04,DEMO_R024,0,0.0
DEMO_summer_04,DEMO_R025,0,0.0
DEMO_summer_04,DEMO_R026,0,0.0
DEMO_summer_04,DEMO_R027,0,0.0
DEMO_summer_04,DEMO_R028,0,0.0
DEMO_summer_04,DEMO_R029,0,0.0
DEMO_summer_04,DEMO_R030,0,0.0
DEMO_summer_04,DEMO_R031,0,0.0
DEMO_summer_04,DEMO_R032,0,0.0
DEMO_summer_04,DEMO_R033,0,0.0
DEMO_summer_04,DEMO_R034,0,0.0
DEMO_summer_04,DEMO_R035,0,0.0
DEMO_summer_04,DEMO_R036,0,0.0
DEMO_summer_04,DEMO_R037,0,0.0
DEMO_summer_04,DEMO_R038,0,0.0
DEMO_summer_04,DEMO_R039,0,0.0
DEMO_summer_04,DEMO_R040,0,0.0
DEMO_summer_04,DEMO_R041,0,0.0
DEMO_summer_04,DEMO_R042,0,0.0
DEMO_summer_04,DEMO_R043,0,0.0
DEMO_summer_04,DEMO_R044,0,0.0
DEMO_summer_04,DEMO_R045,0,0.0
DEMO_summer_04,DEMO_R046,0,0.0
DEMO_summer_04,DEMO_R047,0,0.0
DEMO_summer_05,DEMO_R001,3,6.917
DEMO_summer_05,DEMO_R002,1,3.1054
DEMO_summer_05,DEMO_R003,0,0.0
DEMO_summer_05,DEMO_R004,0,0.0
DEMO_summer_05,DEMO_R005,0,0.0
DEMO_summer_05,DEMO_R006,0,0.0
DEMO_summer_05,DEMO_R007,3,5.3508
DEMO_summer_05,DEMO_R008,0,0.0
DEMO_summer_05,DEMO_R009,0,0.0
DEMO_summer_05,DEMO_R010,0,0.0
DEMO_summer_05,DEMO_R011,6,12.4439
DEMO_summer_05,DEMO_R012,0,0.0
DEMO_summer_05,DEMO_R013,0,0.0
DEMO_summer_05,DEMO_R014,0,0.0
DEMO_summer_05,DEMO_R015,0,0.0
DEMO_summer_05,DEMO_R016,0,0.0
DEMO_summer_05,DEMO_R017,0,0.0
DEMO_summer_05,DEMO_R018,0,0.0
DEMO_summer_05,DEMO_R019,0,0.0
DEMO_summer_05,DEMO_R020,0,0.0
DEMO_summer_05,DEMO_R021,0,0.0
DEMO_summer_05,DEMO_R022,0,0.0
DEMO_summer_05,DEMO_R023,0,0.0
DEMO_summer_05,DEMO_R024,0,0.0
DEMO_summer_05,DEMO_R025,0,0.0
DEMO_summer_05,DEMO_R026,0,0.0
DEMO_summer_05,DEMO_R027,5,15.8769
DEMO_summer_05,DEMO_R028,0,0.0
DEMO_summer_05,DEMO_R029,0,0.0
DEMO_summer_05,DEMO_R030,0,0.0
DEMO_summer_05,DEMO_R031,0,0.0
DEMO_summer_05,DEMO_R032,0,0.0
DEMO_summer_05,DEMO_R033,0,0.0
DEMO_summer_05,DEMO_R034,9,13.4328
DEMO_summer_05,DEMO_R035,0,0.0
DEMO_summer_05,DEMO_R036,0,0.0
DEMO_summer_05,DEMO_R037,0,0.0
DEMO_summer_05,DEMO_R038,2,2.6596
DEMO_summer_05,DEMO_R039,0,0.0
DEMO_summer_05,DEMO_R040,0,0.0
DEMO_summer_05,DEMO_R041,0,0.0
DEMO_summer_05,DEMO_R042,0,0.0
DEMO_summer_05,DEMO_R043,0,0.0
DEMO_summer_05,DEMO_R044,0,0.0
DEMO_summer_05,DEMO_R045,0,0.0
DEMO_summer_05,DEMO_R046,5,12.0494
DEMO_summer_05,DEMO_R047,0,0.0
DEMO_summer_06,DEMO_R001,3,3.441
DEMO_summer_06,DEMO_R002,1,0.4556
DEMO_summer_06,DEMO_R003,0,0.0
DEMO_summer_06,DEMO_R004,0,0.0
DEMO_summer_06,DEMO_R005,6,5.0796
DEMO_summer_06,DEMO_R006,6,21.2252
DEMO_summer_06,DEMO_R007,0,0.0
DEMO_summer_06,DEMO_R008,0,0.0
DEMO_summer_06,DEMO_R009,0,0.0
DEMO_summer_06,DEMO_R010,14,23.6786
DEMO_summer_06,DEMO_R011,0,0.0
DEMO_summer_06,DEMO_R012,17,32.0785
DEMO_summer_06,DEMO_R013,0,0.0
DEMO_summer_06,DEMO_R014,0,0.0
DEMO_summer_06,DEMO_R015,0,0.0
DEMO_summer_06,DEMO_R016,0,0.0
DEMO_summer_06,DEMO_R017,0,0.0
DEMO_summer_06,DEMO_R018,0,0.0
DEMO_summer_06,DEMO_R019,0,0.0
DEMO_summer_06,DEMO_R020,0,0.0
DEMO_summer_06,DEMO_R021,0,0.0
DEMO_summer_06,DEMO_R022,0,0.0
DEMO_summer_06,DEMO_R023,0,0.0
DEMO_summer_06,DEMO_R024,0,0.0
DEMO_summer_06,DEMO_R025,0,0.0
DEMO_summer_06,DEMO_R026,0,0.0
DEMO_summer_06,DEMO_R027,0,0.0
DEMO_summer_06,DEMO_R028,0,0.0
DEMO_summer_06,DEMO_R029,0,0.0
DEMO_summer_06,DEMO_R030,0,0.0
DEMO_summer_06,DEMO_R031,0,0.0
DEMO_summer_06,DEMO_R032,0,0.0
DEMO_summer_06,DEMO_R033,0,0.0
DEMO_summer_06,DEMO_R034,0,0.0
DEMO_summer_06,DEMO_R035,0,0.0
DEMO_summer_06,DEMO_R036,0,0.0
DEMO_summer_06,DEMO_R037,0,0.0
DEMO_summer_06,DEMO_R038,0,0.0
DEMO_summer_06,DEMO_R039,0,0.0
DEMO_summer_06,DEMO_R040,24,40.2544
DEMO_summer_06,DEMO_R041,9,29.0489
DEMO_summer_06,DEMO_R042,0,0.0
DEMO_summer_06,DEMO_R043,0,0.0
DEMO_summer_06,DEMO_R044,20,68.2871
DEMO_summer_06,DEMO_R045,0,0.0
DEMO_summer_06,DEMO_R046,0,0.0
DEMO_summer_06,DEMO_R047,0,0.0
DEMO_summer_07,DEMO_R001,3,6.1678
DEMO_summer_07,DEMO_R002,1,2.5543
DEMO_summer_07,DEMO_R003,0,0.0
DEMO_summer_07,DEMO_R004,0,0.0
DEMO_summer_07,DEMO_R005,0,0.0
DEMO_summer_07,DEMO_R006,0,0.0
DEMO_summer_07,DEMO_R007,17,50.0611
DEMO_summer_07,DEMO_R008,0,0.0
DEMO_summer_07,DEMO_R009,0,0.0
DEMO_summer_07,DEMO_R010,0,0.0
DEMO_summer_07,DEMO_R011,2,6.1344
DEMO_summer_07,DEMO_R012,0,0.0
DEMO_summer_07,DEMO_R013,0,0.0
DEMO_summer_07,DEMO_R014,15,40.3995
DEMO_summer_07,DEMO_R015,0,0.0
DEMO_summer_07,DEMO_R016,0,0.0
DEMO_summer_07,DEMO_R017,0,0.0
DEMO_summer_07,DEMO_R018,0,0.0
DEMO_summer_07,DEMO_R019,0,0.0
DEMO_summer_07,DEMO_R020,0,0.0
DEMO_summer_07,DEMO_R021,0,0.0
DEMO_summer_07,DEMO_R022,15,2.796
DEMO_summer_07,DEMO_R023,22,2.4991
DEMO_summer_07,DEMO_R024,0,0.0
DEMO_summer_07,DEMO_R025,22,82.3459
DEMO_summer_07,DEMO_R026,0,0.0
DEMO_summer_07,DEMO_R027,11,24.11
DEMO_summer_07,DEMO_R028,13,14.0854
DEMO_summer_07,DEMO_R029,0,0.0
DEMO_summer_07,DEMO_R030,5,13.3443
DEMO_summer_07,DEMO_R031,0,0.0
DEMO_summer_07,DEMO_R032,2,2.2733
DEMO_summer_07,DEMO_R033,17,48.9549
DEMO_summer_07,DEMO_R034,0,0.0
DEMO_summer_07,DEMO_R035,0,0.0
DEMO_summer_07,DEMO_R036,0,0.0
DEMO_summer_07,DEMO_R037,0,0.0
DEMO_summer_07,DEMO_R038,15,15.5172
DEMO_summer_07,DEMO_R039,0,0.0
DEMO_summer_07,DEMO_R040,0,0.0
DEMO_summer_07,DEMO_R041,0,0.0
DEMO_summer_07,DEMO_R042,0,0.0
DEMO_summer_07,DEMO_R043,0,0.0
DEMO_summer_07,DEMO_R044,19,70.3711
DEMO_summer_07,DEMO_R045,0,0.0
DEMO_summer_07,DEMO_R046,20,24.0252
DEMO_summer_07,DEMO_R047,0,0.0
DEMO_summer_08,DEMO_R001,2,3.8658
DEMO_summer_08,DEMO_R002,1,3.661
DEMO_summer_08,DEMO_R003,0,0.0
DEMO_summer_08,DEMO_R004,0,0.0
DEMO_summer_08,DEMO_R005,0,0.0
DEMO_summer_08,DEMO_R006,0,0.0
DEMO_summer_08,DEMO_R007,0,0.0
DEMO_summer_08,DEMO_R008,0,0.0
DEMO_summer_08,DEMO_R009,0,0.0
DEMO_summer_08,DEMO_R010,4,4.4797
DEMO_summer_08,DEMO_R011,0,0.0
DEMO_summer_08,DEMO_R012,0,0.0
DEMO_summer_08,DEMO_R013,0,0.0
DEMO_summer_08,DEMO_R014,0,0.0
DEMO_summer_08,DEMO_R015,0,0.0
DEMO_summer_08,DEMO_R016,0,0.0
DEMO_summer_08,DEMO_R017,0,0.0
DEMO_summer_08,DEMO_R018,0,0.0
DEMO_summer_08,DEMO_R019,0,0.0
DEMO_summer_08,DEMO_R020,0,0.0
DEMO_summer_08,DEMO_R021,21,45.2344
DEMO_summer_08,DEMO_R022,0,0.0
DEMO_summer_08,DEMO_R023,16,24.8416
DEMO_summer_08,DEMO_R024,0,0.0
DEMO_summer_08,DEMO_R025,0,0.0
DEMO_summer_08,DEMO_R026,0,0.0
DEMO_summer_08,DEMO_R027,19,14.2142
DEMO_summer_08,DEMO_R028,0,0.0
DEMO_summer_08,DEMO_R029,0,0.0
DEMO_summer_08,DEMO_R030,0,0.0
DEMO_summer_08,DEMO_R031,0,0.0
DEMO_summer_08,DEMO_R032,0,0.0
DEMO_summer_08,DEMO_R033,0,0.0
DEMO_summer_08,DEMO_R034,0,0.0
DEMO_summer_08,DEMO_R035,0,0.0
DEMO_summer_08,DEMO_R036,0,0.0
DEMO_summer_08,DEMO_R037,4,0.5877
DEMO_summer_08,DEMO_R038,15,4.1277
DEMO_summer_08,DEMO_R039,0,0.0
DEMO_summer_08,DEMO_R040,0,0.0
DEMO_summer_08,DEMO_R041,0,0.0
DEMO_summer_08,DEMO_R042,0,0.0
DEMO_summer_08,DEMO_R043,0,0.0
DEMO_summer_08,DEMO_R044,10,34.8804
DEMO_summer_08,DEMO_R045,0,0.0
DEMO_summer_08,DEMO_R046,0,0.0
DEMO_summer_08,DEMO_R047,0,0.0
DEMO_summer_09,DEMO_R001,3,6.1579
DEMO_summer_09,DEMO_R002,1,1.3872
DEMO_summer_09,DEMO_R003,0,0.0
DEMO_summer_09,DEMO_R004,0,0.0
DEMO_summer_09,DEMO_R005,0,0.0
DEMO_summer_09,DEMO_R006,0,0.0
DEMO_summer_09,DEMO_R007,3,11.2679
DEMO_summer_09,DEMO_R008,0,0.0
DEMO_summer_09,DEMO_R009,28,79.7001
DEMO_summer_09,DEMO_R010,0,0.0
DEMO_summer_09,DEMO_R011,0,0.0
DEMO_summer_09,DEMO_R012,0,0.0
DEMO_summer_09,DEMO_R013,0,0.0
DEMO_summer_09,DEMO_R014,0,0.0
DEMO_summer_09,DEMO_R015,0,0.0
DEMO_summer_09,DEMO_R016,0,0.0
DEMO_summer_09,DEMO_R017,0,0.0
DEMO_summer_09,DEMO_R018,0,0.0
DEMO_summer_09,DEMO_R019,0,0.0
DEMO_summer_09,DEMO_R020,0,0.0
DEMO_summer_09,DEMO_R021,0,0.0
DEMO_summer_09,DEMO_R022,0,0.0
DEMO_summer_09,DEMO_R023,0,0.0
DEMO_summer_09,DEMO_R024,0,0.0
DEMO_summer_09,DEMO_R025,0,0.0
DEMO_summer_09,DEMO_R026,0,0.0
DEMO_summer_09,DEMO_R027,1,3.2604
DEMO_summer_09,DEMO_R028,0,0.0
DEMO_summer_09,DEMO_R029,0,0.0
DEMO_summer_09,DEMO_R030,27,94.2428
DEMO_summer_09,DEMO_R031,0,0.0
DEMO_summer_09,DEMO_R032,9,8.6534
DEMO_summer_09,DEMO_R033,0,0.0
DEMO_summer_09,DEMO_R034,0,0.0
DEMO_summer_09,DEMO_R035,0,0.0
DEMO_summer_09,DEMO_R036,0,0.0
DEMO_summer_09,DEMO_R037,0,0.0
DEMO_summer_09,DEMO_R038,0,0.0
DEMO_summer_09,DEMO_R039,0,0.0
DEMO_summer_09,DEMO_R040,0,0.0
DEMO_summer_09,DEMO_R041,0,0.0
DEMO_summer_09,DEMO_R042,0,0.0
DEMO_summer_09,DEMO_R043,0,0.0
DEMO_summer_09,DEMO_R044,0,0.0
DEMO_summer_09,DEMO_R045,0,0.0
DEMO_summer_09,DEMO_R046,0,0.0
DEMO_summer_09,DEMO_R047,14,17.4825
DEMO_summer_10,DEMO_R001,3,10.5301
DEMO_summer_10,DEMO_R002,3,8.7324
DEMO_summer_10,DEMO_R003,9,7.4928
DEMO_summer_10,DEMO_R004,0,0.0
DEMO_summer_10,DEMO_R005,14,1.8133
DEMO_summer_10,DEMO_R006,0,0.0
DEMO_summer_10,DEMO_R007,0,0.0
DEMO_summer_10,DEMO_R008,0,0.0
DEMO_summer_10,DEMO_R009,6,0.7246
DEMO_summer_10,DEMO_R010,0,0.0
DEMO_summer_10,DEMO_R011,0,0.0
DEMO_summer_10,DEMO_R012,0,0.0
DEMO_summer_10,DEMO_R013,0,0.0
DEMO_summer_10,DEMO_R014,0,0.0
DEMO_summer_10,DEMO_R015,0,0.0
DEMO_summer_10,DEMO_R016,0,0.0
DEMO_summer_10,DEMO_R017,0,0.0
DEMO_summer_10,DEMO_R018,0,0.0
DEMO_summer_10,DEMO_R019,0,0.0
DEMO_summer_10,DEMO_R020,0,0.0
DEMO_summer_10,DEMO_R021,29,11.5707
DEMO_summer_10,DEMO_R022,0,0.0
DEMO_summer_10,DEMO_R023,0,0.0
DEMO_summer_10,DEMO_R024,17,42.25
DEMO_summer_10,DEMO_R025,9,33.2097
DEMO_summer_10,DEMO_R026,0,0.0
DEMO_summer_10,DEMO_R027,6,8.9453
DEMO_summer_10,DEMO_R028,0,0.0
DEMO_summer_10,DEMO_R029,0,0.0
DEMO_summer_10,DEMO_R030,0,0.0
DEMO_summer_10,DEMO_R031,0,0.0
DEMO_summer_10,DEMO_R032,0,0.0
DEMO_summer_10,DEMO_R033,0,0.0
DEMO_summer_10,DEMO_R034,0,0.0
DEMO_summer_10,DEMO_R035,0,0.0
DEMO_summer_10,DEMO_R036,0,0.0
DEMO_summer_10,DEMO_R037,0,0.0
DEMO_summer_10,DEMO_R038,6,6.643
DEMO_summer_10,DEMO_R039,0,0.0
DEMO_summer_10,DEMO_R040,0,0.0
DEMO_summer_10,DEMO_R041,16,55.2601
DEMO_summer_10,DEMO_R042,0,0.0
DEMO_summer_10,DEMO_R043,0,0.0
DEMO_summer_10,DEMO_R044,2,4.3999
DEMO_summer_10,DEMO_R045,0,0.0
DEMO_summer_10,DEMO_R046,0,0.0
DEMO_summer_10,DEMO_R047,0,0.0
DEMO_summer_11,DEMO_R001,2,3.1225
DEMO_summer_11,DEMO_R002,1,3.3842
DEMO_summer_11,DEMO_R003,0,0.0
DEMO_summer_11,DEMO_R004,0,0.0
DEMO_summer_11,DEMO_R005,0,0.0
DEMO_summer_11,DEMO_R006,20,18.521
DEMO_summer_11,DEMO_R007,2,4.7503
DEMO_summer_11,DEMO_R008,0,0.0
DEMO_summer_11,DEMO_R009,0,0.0
DEMO_summer_11,DEMO_R010,0,0.0
DEMO_summer_11,DEMO_R011,28,57.0688
DEMO_summer_11,DEMO_R012,0,0.0
DEMO_summer_11,DEMO_R013,0,0.0
DEMO_summer_11,DEMO_R014,0,0.0
DEMO_summer_11,DEMO_R015,0,0.0
DEMO_summer_11,DEMO_R016,0,0.0
DEMO_summer_11,DEMO_R017,0,0.0
DEMO_summer_11,DEMO_R018,0,0.0
DEMO_summer_11,DEMO_R019,0,0.0
DEMO_summer_11,DEMO_R020,0,0.0
DEMO_summer_11,DEMO_R021,0,0.0
DEMO_summer_11,DEMO_R022,0,0.0
DEMO_summer_11,DEMO_R023,0,0.0
DEMO_summer_11,DEMO_R024,0,0.0
DEMO_summer_11,DEMO_R025,0,0.0
DEMO_summer_11,DEMO_R026,0,0.0
DEMO_summer_11,DEMO_R027,0,0.0
DEMO_summer_11,DEMO_R028,0,0.0
DEMO_summer_11,DEMO_R029,0,0.0
DEMO_summer_11,DEMO_R030,0,0.0
DEMO_summer_11,DEMO_R031,0,0.0
DEMO_summer_11,DEMO_R032,0,0.0
DEMO_summer_11,DEMO_R033,0,0.0
DEMO_summer_11,DEMO_R034,0,0.0
DEMO_summer_11,DEMO_R035,0,0.0
DEMO_summer_11,DEMO_R036,0,0.0
DEMO_summer_11,DEMO_R037,0,0.0
DEMO_summer_11,DEMO_R038,14,45.9039
DEMO_summer_11,DEMO_R039,0,0.0
DEMO_summer_11,DEMO_R040,0,0.0
DEMO_summer_11,DEMO_R041,0,0.0
DEMO_summer_11,DEMO_R042,0,0.0
DEMO_summer_11,DEMO_R043,0,0.0
DEMO_summer_11,DEMO_R044,18,12.3142
DEMO_summer_11,DEMO_R045,0,0.0
DEMO_summer_11,DEMO_R046,0,0.0
DEMO_summer_11,DEMO_R047,0,0.0
DEMO_summer_12,DEMO_R001,1,1.9907
DEMO_summer_12,DEMO_R002,2,4.628
DEMO_summer_12,DEMO_R003,0,0.0
DEMO_summer_12,DEMO_R004,16,48.3047
DEMO_summer_12,DEMO_R005,24,91.2941
DEMO_summer_12,DEMO_R006,0,0.0
DEMO_summer_12,DEMO_R007,0,0.0
DEMO_summer_12,DEMO_R008,0,0.0
DEMO_summer_12,DEMO_R009,0,0.0
DEMO_summer_12,DEMO_R010,0,0.0
DEMO_summer_12,DEMO_R011,0,0.0
DEMO_summer_12,DEMO_R012,0,0.0
DEMO_summer_12,DEMO_R013,7,25.7984
DEMO_summer_12,DEMO_R014,0,0.0
DEMO_summer_12,DEMO_R015,0,0.0
DEMO_summer_12,DEMO_R016,0,0.0
DEMO_summer_12,DEMO_R017,0,0.0
DEMO_summer_12,DEMO_R018,0,0.0
DEMO_summer_12,DEMO_R019,0,0.0
DEMO_summer_12,DEMO_R020,0,0.0
DEMO_summer_12,DEMO_R021,0,0.0
DEMO_summer_12,DEMO_R022,9,31.5149
DEMO_summer_12,DEMO_R023,0,0.0
DEMO_summer_12,DEMO_R024,0,0.0
DEMO_summer_12,DEMO_R025,0,0.0
DEMO_summer_12,DEMO_R026,0,0.0
DEMO_summer_12,DEMO_R027,3,8.8313
DEMO_summer_12,DEMO_R028,9,25.5084
DEMO_summer_12,DEMO_R029,0,0.0
DEMO_summer_12,DEMO_R030,11,34.0599
DEMO_summer_12,DEMO_R031,0,0.0
DEMO_summer_12,DEMO_R032,0,0.0
DEMO_summer_12,DEMO_R033,0,0.0
DEMO_summer_12,DEMO_R034,0,0.0
DEMO_summer_12,DEMO_R035,9,12.4431
DEMO_summer_12,DEMO_R036,7,19.2977
DEMO_summer_12,DEMO_R037,0,0.0
DEMO_summer_12,DEMO_R038,0,0.0
DEMO_summer_12,DEMO_R039,0,0.0
DEMO_summer_12,DEMO_R040,0,0.0
DEMO_summer_12,DEMO_R041,0,0.0
DEMO_summer_12,DEMO_R042,0,0.0
DEMO_summer_12,DEMO_R043,0,0.0
DEMO_summer_12,DEMO_R044,0,0.0
DEMO_summer_12,DEMO_R045,0,0.0
DEMO_summer_12,DEMO_R046,0,0.0
DEMO_summer_12,DEMO_R047,0,0.0
DEMO_autumn_01,DEMO_R001,1,3.983
DEMO_autumn_01,DEMO_R002,2,2.3707
DEMO_autumn_01,DEMO_R003,0,0.0
DEMO_autumn_01,DEMO_R004,21,49.8216
DEMO_autumn_01,DEMO_R005,0,0.0
DEMO_autumn_01,DEMO_R006,0,0.0
DEMO_autumn_01,DEMO_R007,0,0.0
DEMO_autumn_01,DEMO_R008,0,0.0
DEMO_autumn_01,DEMO_R009,0,0.0
DEMO_autumn_01,DEMO_R010,0,0.0
DEMO_autumn_01,DEMO_R011,0,0.0
DEMO_autumn_01,DEMO_R012,0,0.0
DEMO_autumn_01,DEMO_R013,13,31.5695
DEMO_autumn_01,DEMO_R014,0,0.0
DEMO_autumn_01,DEMO_R015,0,0.0
DEMO_autumn_01,DEMO_R016,23,24.2753
DEMO_autumn_01,DEMO_R017,21,37.1848
DEMO_autumn_01,DEMO_R018,0,0.0
DEMO_autumn_01,DEMO_R019,0,0.0
DEMO_autumn_01,DEMO_R020,0,0.0
DEMO_autumn_01,DEMO_R021,0,0.0
DEMO_autumn_01,DEMO_R022,0,0.0
DEMO_autumn_01,DEMO_R023,0,0.0
DEMO_autumn_01,DEMO_R024,0,0.0
DEMO_autumn_01,DEMO_R025,0,0.0
DEMO_autumn_01,DEMO_R026,0,0.0
DEMO_autumn_01,DEMO_R027,13,12.4422
DEMO_autumn_01,DEMO_R028,0,0.0
DEMO_autumn_01,DEMO_R029,0,0.0
DEMO_autumn_01,DEMO_R030,0,0.0
DEMO_autumn_01,DEMO_R031,0,0.0
DEMO_autumn_01,DEMO_R032,0,0.0
DEMO_autumn_01,DEMO_R033,10,16.48
DEMO_autumn_01,DEMO_R034,22,82.6254
DEMO_autumn_01,DEMO_R035,0,0.0
DEMO_autumn_01,DEMO_R036,0,0.0
DEMO_autumn_01,DEMO_R037,0,0.0
DEMO_autumn_01,DEMO_R038,0,0.0
DEMO_autumn_01,DEMO_R039,0,0.0
DEMO_autumn_01,DEMO_R040,0,0.0
DEMO_autumn_01,DEMO_R041,0,0.0
DEMO_autumn_01,DEMO_R042,12,41.4892
DEMO_autumn_01,DEMO_R043,0,0.0
DEMO_autumn_01,DEMO_R044,0,0.0
DEMO_autumn_01,DEMO_R045,0,0.0
DEMO_autumn_01,DEMO_R046,0,0.0
DEMO_autumn_01,DEMO_R047,0,0.0
DEMO_autumn_02,DEMO_R001,2,0.4036
DEMO_autumn_02,DEMO_R002,15,12.6316
DEMO_autumn_02,DEMO_R003,0,0.0
DEMO_autumn_02,DEMO_R004,0,0.0
DEMO_autumn_02,DEMO_R005,0,0.0
DEMO_autumn_02,DEMO_R006,0,0.0
DEMO_autumn_02,DEMO_R007,0,0.0
DEMO_autumn_02,DEMO_R008,0,0.0
DEMO_autumn_02,DEMO_R009,0,0.0
DEMO_autumn_02,DEMO_R010,0,0.0
DEMO_autumn_02,DEMO_R011,14,15.2452
DEMO_autumn_02,DEMO_R012,0,0.0
DEMO_autumn_02,DEMO_R013,0,0.0
DEMO_autumn_02,DEMO_R014,0,0.0
DEMO_autumn_02,DEMO_R015,24,37.0492
DEMO_autumn_02,DEMO_R016,0,0.0
DEMO_autumn_02,DEMO_R017,0,0.0
DEMO_autumn_02,DEMO_R018,0,0.0
DEMO_autumn_02,DEMO_R019,0,0.0
DEMO_autumn_02,DEMO_R020,0,0.0
DEMO_autumn_02,DEMO_R021,0,0.0
DEMO_autumn_02,DEMO_R022,0,0.0
DEMO_autumn_02,DEMO_R023,0,0.0
DEMO_autumn_02,DEMO_R024,0,0.0
DEMO_autumn_02,DEMO_R025,0,0.0
DEMO_autumn_02,DEMO_R026,0,0.0
DEMO_autumn_02,DEMO_R027,22,68.5746
DEMO_autumn_02,DEMO_R028,0,0.0
DEMO_autumn_02,DEMO_R029,0,0.0
DEMO_autumn_02,DEMO_R030,0,0.0
DEMO_autumn_02,DEMO_R031,0,0.0
DEMO_autumn_02,DEMO_R032,0,0.0
DEMO_autumn_02,DEMO_R033,0,0.0
DEMO_autumn_02,DEMO_R034,0,0.0
DEMO_autumn_02,DEMO_R035,0,0.0
DEMO_autumn_02,DEMO_R036,14,38.0625
DEMO_autumn_02,DEMO_R037,0,0.0
DEMO_autumn_02,DEMO_R038,0,0.0
DEMO_autumn_02,DEMO_R039,0,0.0
DEMO_autumn_02,DEMO_R040,0,0.0
DEMO_autumn_02,DEMO_R041,0,0.0
DEMO_autumn_02,DEMO_R042,0,0.0
DEMO_autumn_02,DEMO_R043,0,0.0
DEMO_autumn_02,DEMO_R044,0,0.0
DEMO_autumn_02,DEMO_R045,0,0.0
DEMO_autumn_02,DEMO_R046,0,0.0
DEMO_autumn_02,DEMO_R047,0,0.0
DEMO_autumn_03,DEMO_R001,3,0.4971
DEMO_autumn_03,DEMO_R002,3,6.5024
DEMO_autumn_03,DEMO_R003,0,0.0
DEMO_autumn_03,DEMO_R004,0,0.0
DEMO_autumn_03,DEMO_R005,0,0.0
DEMO_autumn_03,DEMO_R006,1,2.8388
DEMO_autumn_03,DEMO_R007,0,0.0
DEMO_autumn_03,DEMO_R008,15,0.9036
DEMO_autumn_03,DEMO_R009,0,0.0
DEMO_autumn_03,DEMO_R010,0,0.0
DEMO_autumn_03,DEMO_R011,0,0.0
DEMO_autumn_03,DEMO_R012,0,0.0
DEMO_autumn_03,DEMO_R013,0,0.0
DEMO_autumn_03,DEMO_R014,0,0.0
DEMO_autumn_03,DEMO_R015,0,0.0
DEMO_autumn_03,DEMO_R016,0,0.0
DEMO_autumn_03,DEMO_R017,0,0.0
DEMO_autumn_03,DEMO_R018,0,0.0
DEMO_autumn_03,DEMO_R019,0,0.0
DEMO_autumn_03,DEMO_R020,0,0.0
DEMO_autumn_03,DEMO_R021,7,17.8493
DEMO_autumn_03,DEMO_R022,0,0.0
DEMO_autumn_03,DEMO_R023,0,0.0
DEMO_autumn_03,DEMO_R024,0,0.0
DEMO_autumn_03,DEMO_R025,0,0.0
DEMO_autumn_03,DEMO_R026,0,0.0
DEMO_autumn_03,DEMO_R027,0,0.0
DEMO_autumn_03,DEMO_R028,0,0.0
DEMO_autumn_03,DEMO_R029,0,0.0
DEMO_autumn_03,DEMO_R030,0,0.0
DEMO_autumn_03,DEMO_R031,0,0.0
DEMO_autumn_03,DEMO_R032,0,0.0
DEMO_autumn_03,DEMO_R033,0,0.0
DEMO_autumn_03,DEMO_R034,0,0.0
DEMO_autumn_03,DEMO_R035,0,0.0
DEMO_autumn_03,DEMO_R036,0,0.0
DEMO_autumn_03,DEMO_R037,0,0.0
DEMO_autumn_03,DEMO_R038,0,0.0
DEMO_autumn_03,DEMO_R039,0,0.0
DEMO_autumn_03,DEMO_R040,0,0.0
DEMO_autumn_03,DEMO_R041,0,0.0
DEMO_autumn_03,DEMO_R042,0,0.0
DEMO_autumn_03,DEMO_R043,0,0.0
DEMO_autumn_03,DEMO_R044,0,0.0
DEMO_autumn_03,DEMO_R045,0,0.0
DEMO_autumn_03,DEMO_R046,0,0.0
DEMO_autumn_03,DEMO_R047,0,0.0
DEMO_autumn_04,DEMO_R001,3,5.558
DEMO_autumn_04,DEMO_R002,1,2.7573
DEMO_autumn_04,DEMO_R003,0,0.0
DEMO_autumn_04,DEMO_R004,1,3.1457
DEMO_autumn_04,DEMO_R005,0,0.0
DEMO_autumn_04,DEMO_R006,0,0.0
DEMO_autumn_04,DEMO_R007,0,0.0
DEMO_autumn_04,DEMO_R008,0,0.0
DEMO_autumn_04,DEMO_R009,0,0.0
DEMO_autumn_04,DEMO_R010,0,0.0
DEMO_autumn_04,DEMO_R011,0,0.0
DEMO_autumn_04,DEMO_R012,0,0.0
DEMO_autumn_04,DEMO_R013,0,0.0
DEMO_autumn_04,DEMO_R014,0,0.0
DEMO_autumn_04,DEMO_R015,20,7.0764
DEMO_autumn_04,DEMO_R016,0,0.0
DEMO_autumn_04,DEMO_R017,18,60.8954
DEMO_autumn_04,DEMO_R018,0,0.0
DEMO_autumn_04,DEMO_R019,0,0.0
DEMO_autumn_04,DEMO_R020,0,0.0
DEMO_autumn_04,DEMO_R021,0,0.0
DEMO_autumn_04,DEMO_R022,26,29.8917
DEMO_autumn_04,DEMO_R023,21,54.1224
DEMO_autumn_04,DEMO_R024,0,0.0
DEMO_autumn_04,DEMO_R025,13,34.6118
DEMO_autumn_04,DEMO_R026,0,0.0
DEMO_autumn_04,DEMO_R027,0,0.0
DEMO_autumn_04,DEMO_R028,0,0.0
DEMO_autumn_04,DEMO_R029,0,0.0
DEMO_autumn_04,DEMO_R030,0,0.0
DEMO_autumn_04,DEMO_R031,0,0.0
DEMO_autumn_04,DEMO_R032,0,0.0
DEMO_autumn_04,DEMO_R033,0,0.0
DEMO_autumn_04,DEMO_R034,0,0.0
DEMO_autumn_04,DEMO_R035,0,0.0
DEMO_autumn_04,DEMO_R036,0,0.0
DEMO_autumn_04,DEMO_R037,0,0.0
DEMO_autumn_04,DEMO_R038,10,28.7921
DEMO_autumn_04,DEMO_R039,0,0.0
DEMO_autumn_04,DEMO_R040,0,0.0
DEMO_autumn_04,DEMO_R041,0,0.0
DEMO_autumn_04,DEMO_R042,0,0.0
DEMO_autumn_04,DEMO_R043,0,0.0
DEMO_autumn_04,DEMO_R044,0,0.0
DEMO_autumn_04,DEMO_R045,0,0.0
DEMO_autumn_04,DEMO_R046,0,0.0
DEMO_autumn_04,DEMO_R047,0,0.0
DEMO_autumn_05,DEMO_R001,2,0.7381
DEMO_autumn_05,DEMO_R002,3,4.6298
DEMO_autumn_05,DEMO_R003,0,0.0
DEMO_autumn_05,DEMO_R004,0,0.0
DEMO_autumn_05,DEMO_R005,0,0.0
DEMO_autumn_05,DEMO_R006,20,30.2736
DEMO_autumn_05,DEMO_R007,0,0.0
DEMO_autumn_05,DEMO_R008,0,0.0
DEMO_autumn_05,DEMO_R009,0,0.0
DEMO_autumn_05,DEMO_R010,0,0.0
DEMO_autumn_05,DEMO_R011,0,0.0
DEMO_autumn_05,DEMO_R012,0,0.0
DEMO_autumn_05,DEMO_R013,0,0.0
DEMO_autumn_05,DEMO_R014,0,0.0
DEMO_autumn_05,DEMO_R015,0,0.0
DEMO_autumn_05,DEMO_R016,24,88.5744
DEMO_autumn_05,DEMO_R017,25,82.043
DEMO_autumn_05,DEMO_R018,0,0.0
DEMO_autumn_05,DEMO_R019,0,0.0
DEMO_autumn_05,DEMO_R020,0,0.0
DEMO_autumn_05,DEMO_R021,0,0.0
DEMO_autumn_05,DEMO_R022,0,0.0
DEMO_autumn_05,DEMO_R023,0,0.0
DEMO_autumn_05,DEMO_R024,0,0.0
DEMO_autumn_05,DEMO_R025,0,0.0
DEMO_autumn_05,DEMO_R026,0,0.0
DEMO_autumn_05,DEMO_R027,0,0.0
DEMO_autumn_05,DEMO_R028,0,0.0
DEMO_autumn_05,DEMO_R029,0,0.0
DEMO_autumn_05,DEMO_R030,9,2.6731
DEMO_autumn_05,DEMO_R031,0,0.0
DEMO_autumn_05,DEMO_R032,0,0.0
DEMO_autumn_05,DEMO_R033,0,0.0
DEMO_autumn_05,DEMO_R034,0,0.0
DEMO_autumn_05,DEMO_R035,0,0.0
DEMO_autumn_05,DEMO_R036,27,100.1931
DEMO_autumn_05,DEMO_R037,0,0.0
DEMO_autumn_05,DEMO_R038,0,0.0
DEMO_autumn_05,DEMO_R039,0,0.0
DEMO_autumn_05,DEMO_R040,0,0.0
DEMO_autumn_05,DEMO_R041,0,0.0
DEMO_autumn_05,DEMO_R042,0,0.0
DEMO_autumn_05,DEMO_R043,0,0.0
DEMO_autumn_05,DEMO_R044,0,0.0
DEMO_autumn_05,DEMO_R045,12,5.5818
DEMO_autumn_05,DEMO_R046,0,0.0
DEMO_autumn_05,DEMO_R047,0,0.0
DEMO_autumn_06,DEMO_R001,3,11.5896
DEMO_autumn_06,DEMO_R002,6,12.2209
DEMO_autumn_06,DEMO_R003,20,12.8756
DEMO_autumn_06,DEMO_R004,0,0.0
DEMO_autumn_06,DEMO_R005,0,0.0
DEMO_autumn_06,DEMO_R006,0,0.0
DEMO_autumn_06,DEMO_R007,0,0.0
DEMO_autumn_06,DEMO_R008,0,0.0
DEMO_autumn_06,DEMO_R009,0,0.0
DEMO_autumn_06,DEMO_R010,0,0.0
DEMO_autumn_06,DEMO_R011,0,0.0
DEMO_autumn_06,DEMO_R012,0,0.0
DEMO_autumn_06,DEMO_R013,0,0.0
DEMO_autumn_06,DEMO_R014,0,0.0
DEMO_autumn_06,DEMO_R015,0,0.0
DEMO_autumn_06,DEMO_R016,0,0.0
DEMO_autumn_06,DEMO_R017,0,0.0
DEMO_autumn_06,DEMO_R018,0,0.0
DEMO_autumn_06,DEMO_R019,0,0.0
DEMO_autumn_06,DEMO_R020,12,9.6474
DEMO_autumn_06,DEMO_R021,0,0.0
DEMO_autumn_06,DEMO_R022,0,0.0
DEMO_autumn_06,DEMO_R023,0,0.0
DEMO_autumn_06,DEMO_R024,0,0.0
DEMO_autumn_06,DEMO_R025,0,0.0
DEMO_autumn_06,DEMO_R026,0,0.0
DEMO_autumn_06,DEMO_R027,0,0.0
DEMO_autumn_06,DEMO_R028,27,37.1062
DEMO_autumn_06,DEMO_R029,15,41.0458
DEMO_autumn_06,DEMO_R030,0,0.0
DEMO_autumn_06,DEMO_R031,0,0.0
DEMO_autumn_06,DEMO_R032,0,0.0
DEMO_autumn_06,DEMO_R033,27,44.461
DEMO_autumn_06,DEMO_R034,0,0.0
DEMO_autumn_06,DEMO_R035,13,44.9582
DEMO_autumn_06,DEMO_R036,0,0.0
DEMO_autumn_06,DEMO_R037,0,0.0
DEMO_autumn_06,DEMO_R038,0,0.0
DEMO_autumn_06,DEMO_R039,0,0.0
DEMO_autumn_06,DEMO_R040,0,0.0
DEMO_autumn_06,DEMO_R041,0,0.0
DEMO_autumn_06,DEMO_R042,19,27.6196
DEMO_autumn_06,DEMO_R043,0,0.0
DEMO_autumn_06,DEMO_R044,0,0.0
DEMO_autumn_06,DEMO_R045,0,0.0
DEMO_autumn_06,DEMO_R046,0,0.0
DEMO_autumn_06,DEMO_R047,0,0.0
DEMO_autumn_07,DEMO_R001,20,33.243
DEMO_autumn_07,DEMO_R002,2,3.8809
DEMO_autumn_07,DEMO_R003,0,0.0
DEMO_autumn_07,DEMO_R004,0,0.0
DEMO_autumn_07,DEMO_R005,9,3.0249
DEMO_autumn_07,DEMO_R006,0,0.0
DEMO_autumn_07,DEMO_R007,0,0.0
DEMO_autumn_07,DEMO_R008,0,0.0
DEMO_autumn_07,DEMO_R009,0,0.0
DEMO_autumn_07,DEMO_R010,0,0.0
DEMO_autumn_07,DEMO_R011,0,0.0
DEMO_autumn_07,DEMO_R012,0,0.0
DEMO_autumn_07,DEMO_R013,0,0.0
DEMO_autumn_07,DEMO_R014,0,0.0
DEMO_autumn_07,DEMO_R015,0,0.0
DEMO_autumn_07,DEMO_R016,28,68.1851
DEMO_autumn_07,DEMO_R017,0,0.0
DEMO_autumn_07,DEMO_R018,0,0.0
DEMO_autumn_07,DEMO_R019,0,0.0
DEMO_autumn_07,DEMO_R020,0,0.0
DEMO_autumn_07,DEMO_R021,0,0.0
DEMO_autumn_07,DEMO_R022,21,3.451
DEMO_autumn_07,DEMO_R023,20,42.7332
DEMO_autumn_07,DEMO_R024,0,0.0
DEMO_autumn_07,DEMO_R025,16,43.7409
DEMO_autumn_07,DEMO_R026,0,0.0
DEMO_autumn_07,DEMO_R027,0,0.0
DEMO_autumn_07,DEMO_R028,0,0.0
DEMO_autumn_07,DEMO_R029,0,0.0
DEMO_autumn_07,DEMO_R030,0,0.0
DEMO_autumn_07,DEMO_R031,0,0.0
DEMO_autumn_07,DEMO_R032,0,0.0
DEMO_autumn_07,DEMO_R033,0,0.0
DEMO_autumn_07,DEMO_R034,0,0.0
DEMO_autumn_07,DEMO_R035,0,0.0
DEMO_autumn_07,DEMO_R036,0,0.0
DEMO_autumn_07,DEMO_R037,0,0.0
DEMO_autumn_07,DEMO_R038,0,0.0
DEMO_autumn_07,DEMO_R039,0,0.0
DEMO_autumn_07,DEMO_R040,14,29.152
DEMO_autumn_07,DEMO_R041,0,0.0
DEMO_autumn_07,DEMO_R042,20,54.2468
DEMO_autumn_07,DEMO_R043,0,0.0
DEMO_autumn_07,DEMO_R044,0,0.0
DEMO_autumn_07,DEMO_R045,0,0.0
DEMO_autumn_07,DEMO_R046,0,0.0
DEMO_autumn_07,DEMO_R047,0,0.0
DEMO_autumn_08,DEMO_R001,3,9.9346
DEMO_autumn_08,DEMO_R002,1,3.8012
DEMO_autumn_08,DEMO_R003,0,0.0
DEMO_autumn_08,DEMO_R004,0,0.0
DEMO_autumn_08,DEMO_R005,0,0.0
DEMO_autumn_08,DEMO_R006,0,0.0
DEMO_autumn_08,DEMO_R007,0,0.0
DEMO_autumn_08,DEMO_R008,0,0.0
DEMO_autumn_08,DEMO_R009,0,0.0
DEMO_autumn_08,DEMO_R010,0,0.0
DEMO_autumn_08,DEMO_R011,0,0.0
DEMO_autumn_08,DEMO_R012,2,4.0301
DEMO_autumn_08,DEMO_R013,0,0.0
DEMO_autumn_08,DEMO_R014,0,0.0
DEMO_autumn_08,DEMO_R015,0,0.0
DEMO_autumn_08,DEMO_R016,0,0.0
DEMO_autumn_08,DEMO_R017,2,3.4023
DEMO_autumn_08,DEMO_R018,0,0.0
DEMO_autumn_08,DEMO_R019,0,0.0
DEMO_autumn_08,DEMO_R020,0,0.0
DEMO_autumn_08,DEMO_R021,0,0.0
DEMO_autumn_08,DEMO_R022,0,0.0
DEMO_autumn_08,DEMO_R023,5,14.499
DEMO_autumn_08,DEMO_R024,0,0.0
DEMO_autumn_08,DEMO_R025,0,0.0
DEMO_autumn_08,DEMO_R026,0,0.0
DEMO_autumn_08,DEMO_R027,0,0.0
DEMO_autumn_08,DEMO_R028,21,52.3364
DEMO_autumn_08,DEMO_R029,12,35.9975
DEMO_autumn_08,DEMO_R030,6,3.2262
DEMO_autumn_08,DEMO_R031,5,17.5965
DEMO_autumn_08,DEMO_R032,0,0.0
DEMO_autumn_08,DEMO_R033,0,0.0
DEMO_autumn_08,DEMO_R034,16,28.3368
DEMO_autumn_08,DEMO_R035,8,0.7119
DEMO_autumn_08,DEMO_R036,0,0.0
DEMO_autumn_08,DEMO_R037,0,0.0
DEMO_autumn_08,DEMO_R038,0,0.0
DEMO_autumn_08,DEMO_R039,0,0.0
DEMO_autumn_08,DEMO_R040,0,0.0
DEMO_autumn_08,DEMO_R041,0,0.0
DEMO_autumn_08,DEMO_R042,0,0.0
DEMO_autumn_08,DEMO_R043,0,0.0
DEMO_autumn_08,DEMO_R044,0,0.0
DEMO_autumn_08,DEMO_R045,0,0.0
DEMO_autumn_08,DEMO_R046,0,0.0
DEMO_autumn_08,DEMO_R047,0,0.0
DEMO_autumn_09,DEMO_R001,3,9.7171
DEMO_autumn_09,DEMO_R002,1,0.772
DEMO_autumn_09,DEMO_R003,0,0.0
DEMO_autumn_09,DEMO_R004,0,0.0
DEMO_autumn_09,DEMO_R005,0,0.0
DEMO_autumn_09,DEMO_R006,28,1.4312
DEMO_autumn_09,DEMO_R007,0,0.0
DEMO_autumn_09,DEMO_R008,17,21.9237
DEMO_autumn_09,DEMO_R009,0,0.0
DEMO_autumn_09,DEMO_R010,0,0.0
DEMO_autumn_09,DEMO_R011,0,0.0
DEMO_autumn_09,DEMO_R012,8,28.0343
DEMO_autumn_09,DEMO_R013,0,0.0
DEMO_autumn_09,DEMO_R014,0,0.0
DEMO_autumn_09,DEMO_R015,0,0.0
DEMO_autumn_09,DEMO_R016,15,18.4762
DEMO_autumn_09,DEMO_R017,8,25.3601
DEMO_autumn_09,DEMO_R018,0,0.0
DEMO_autumn_09,DEMO_R019,5,6.7093
DEMO_autumn_09,DEMO_R020,0,0.0
DEMO_autumn_09,DEMO_R021,0,0.0
DEMO_autumn_09,DEMO_R022,9,27.7053
DEMO_autumn_09,DEMO_R023,0,0.0
DEMO_autumn_09,DEMO_R024,0,0.0
DEMO_autumn_09,DEMO_R025,0,0.0
DEMO_autumn_09,DEMO_R026,16,56.355
DEMO_autumn_09,DEMO_R027,0,0.0
DEMO_autumn_09,DEMO_R028,0,0.0
DEMO_autumn_09,DEMO_R029,0,0.0
DEMO_autumn_09,DEMO_R030,0,0.0
DEMO_autumn_09,DEMO_R031,0,0.0
DEMO_autumn_09,DEMO_R032,0,0.0
DEMO_autumn_09,DEMO_R033,0,0.0
DEMO_autumn_09,DEMO_R034,0,0.0
DEMO_autumn_09,DEMO_R035,29,24.7851
DEMO_autumn_09,DEMO_R036,16,16.9025
DEMO_autumn_09,DEMO_R037,0,0.0
DEMO_autumn_09,DEMO_R038,0,0.0
DEMO_autumn_09,DEMO_R039,26,14.1767
DEMO_autumn_09,DEMO_R040,0,0.0
DEMO_autumn_09,DEMO_R041,0,0.0
DEMO_autumn_09,DEMO_R042,0,0.0
DEMO_autumn_09,DEMO_R043,0,0.0
DEMO_autumn_09,DEMO_R044,5,17.3116
DEMO_autumn_09,DEMO_R045,0,0.0
DEMO_autumn_09,DEMO_R046,0,0.0
DEMO_autumn_09,DEMO_R047,0,0.0
DEMO_autumn_10,DEMO_R001,2,0.8421
DEMO_autumn_10,DEMO_R002,23,82.4816
DEMO_autumn_10,DEMO_R003,0,0.0
DEMO_autumn_10,DEMO_R004,0,0.0
DEMO_autumn_10,DEMO_R005,0,0.0
DEMO_autumn_10,DEMO_R006,0,0.0
DEMO_autumn_10,DEMO_R007,0,0.0
DEMO_autumn_10,DEMO_R008,0,0.0
DEMO_autumn_10,DEMO_R009,0,0.0
DEMO_autumn_10,DEMO_R010,0,0.0
DEMO_autumn_10,DEMO_R011,0,0.0
DEMO_autumn_10,DEMO_R012,0,0.0
DEMO_autumn_10,DEMO_R013,0,0.0
DEMO_autumn_10,DEMO_R014,0,0.0
DEMO_autumn_10,DEMO_R015,0,0.0
DEMO_autumn_10,DEMO_R016,0,0.0
DEMO_autumn_10,DEMO_R017,10,19.9035
DEMO_autumn_10,DEMO_R018,0,0.0
DEMO_autumn_10,DEMO_R019,0,0.0
DEMO_autumn_10,DEMO_R020,0,0.0
DEMO_autumn_10,DEMO_R021,0,0.0
DEMO_autumn_10,DEMO_R022,0,0.0
DEMO_autumn_10,DEMO_R023,0,0.0
DEMO_autumn_10,DEMO_R024,0,0.0
DEMO_autumn_10,DEMO_R025,0,0.0
DEMO_autumn_10,DEMO_R026,11,1.1137
DEMO_autumn_10,DEMO_R027,0,0.0
DEMO_autumn_10,DEMO_R028,13,6.644
DEMO_autumn_10,DEMO_R029,0,0.0
DEMO_autumn_10,DEMO_R030,0,0.0
DEMO_autumn_10,DEMO_R031,0,0.0
DEMO_autumn_10,DEMO_R032,0,0.0
DEMO_autumn_10,DEMO_R033,0,0.0
DEMO_autumn_10,DEMO_R034,11,14.0946
DEMO_autumn_10,DEMO_R035,0,0.0
DEMO_autumn_10,DEMO_R036,0,0.0
DEMO_autumn_10,DEMO_R037,0,0.0
DEMO_autumn_10,DEMO_R038,0,0.0
DEMO_autumn_10,DEMO_R039,0,0.0
DEMO_autumn_10,DEMO_R040,0,0.0
DEMO_autumn_10,DEMO_R041,29,87.5031
DEMO_autumn_10,DEMO_R042,0,0.0
DEMO_autumn_10,DEMO_R043,0,0.0
DEMO_autumn_10,DEMO_R044,0,0.0
DEMO_autumn_10,DEMO_R045,0,0.0
DEMO_autumn_10,DEMO_R046,6,8.9537
DEMO_autumn_10,DEMO_R047,0,0.0
DEMO_autumn_11,DEMO_R001,2,0.679
DEMO_autumn_11,DEMO_R002,3,6.386
DEMO_autumn_11,DEMO_R003,0,0.0
DEMO_autumn_11,DEMO_R004,0,0.0
DEMO_autumn_11,DEMO_R005,0,0.0
DEMO_autumn_11,DEMO_R006,0,0.0
DEMO_autumn_11,DEMO_R007,0,0.0
DEMO_autumn_11,DEMO_R008,0,0.0
DEMO_autumn_11,DEMO_R009,0,0.0
DEMO_autumn_11,DEMO_R010,0,0.0
DEMO_autumn_11,DEMO_R011,0,0.0
DEMO_autumn_11,DEMO_R012,25,15.3486
DEMO_autumn_11,DEMO_R013,0,0.0
DEMO_autumn_11,DEMO_R014,0,0.0
DEMO_autumn_11,DEMO_R015,0,0.0
DEMO_autumn_11,DEMO_R016,0,0.0
DEMO_autumn_11,DEMO_R017,0,0.0
DEMO_autumn_11,DEMO_R018,0,0.0
DEMO_autumn_11,DEMO_R019,0,0.0
DEMO_autumn_11,DEMO_R020,0,0.0
DEMO_autumn_11,DEMO_R021,0,0.0
DEMO_autumn_11,DEMO_R022,0,0.0
DEMO_autumn_11,DEMO_R023,0,0.0
DEMO_autumn_11,DEMO_R024,0,0.0
DEMO_autumn_11,DEMO_R025,0,0.0
DEMO_autumn_11,DEMO_R026,0,0.0
DEMO_autumn_11,DEMO_R027,0,0.0
DEMO_autumn_11,DEMO_R028,0,0.0
DEMO_autumn_11,DEMO_R029,0,0.0
DEMO_autumn_11,DEMO_R030,0,0.0
DEMO_autumn_11,DEMO_R031,0,0.0
DEMO_autumn_11,DEMO_R032,0,0.0
DEMO_autumn_11,DEMO_R033,0,0.0
DEMO_autumn_11,DEMO_R034,0,0.0
DEMO_autumn_11,DEMO_R035,0,0.0
DEMO_autumn_11,DEMO_R036,0,0.0
DEMO_autumn_11,DEMO_R037,0,0.0
DEMO_autumn_11,DEMO_R038,0,0.0
DEMO_autumn_11,DEMO_R039,0,0.0
DEMO_autumn_11,DEMO_R040,21,11.6327
DEMO_autumn_11,DEMO_R041,0,0.0
DEMO_autumn_11,DEMO_R042,0,0.0
DEMO_autumn_11,DEMO_R043,0,0.0
DEMO_autumn_11,DEMO_R044,0,0.0
DEMO_autumn_11,DEMO_R045,0,0.0
DEMO_autumn_11,DEMO_R046,0,0.0
DEMO_autumn_11,DEMO_R047,0,0.0
DEMO_autumn_12,DEMO_R001,2,3.3874
DEMO_autumn_12,DEMO_R002,3,11.1312
DEMO_autumn_12,DEMO_R003,0,0.0
DEMO_autumn_12,DEMO_R004,0,0.0
DEMO_autumn_12,DEMO_R005,0,0.0
DEMO_autumn_12,DEMO_R006,0,0.0
DEMO_autumn_12,DEMO_R007,0,0.0
DEMO_autumn_12,DEMO_R008,12,23.3633
DEMO_autumn_12,DEMO_R009,0,0.0
DEMO_autumn_12,DEMO_R010,0,0.0
DEMO_autumn_12,DEMO_R011,28,71.9646
DEMO_autumn_12,DEMO_R012,0,0.0
DEMO_autumn_12,DEMO_R013,0,0.0
DEMO_autumn_12,DEMO_R014,0,0.0
DEMO_autumn_12,DEMO_R015,0,0.0
DEMO_autumn_12,DEMO_R016,0,0.0
DEMO_autumn_12,DEMO_R017,0,0.0
DEMO_autumn_12,DEMO_R018,0,0.0
DEMO_autumn_12,DEMO_R019,0,0.0
DEMO_autumn_12,DEMO_R020,0,0.0
DEMO_autumn_12,DEMO_R021,0,0.0
DEMO_autumn_12,DEMO_R022,0,0.0
DEMO_autumn_12,DEMO_R023,0,0.0
DEMO_autumn_12,DEMO_R024,17,22.2462
DEMO_autumn_12,DEMO_R025,21,30.5554
DEMO_autumn_12,DEMO_R026,0,0.0
DEMO_autumn_12,DEMO_R027,4,11.1261
DEMO_autumn_12,DEMO_R028,0,0.0
DEMO_autumn_12,DEMO_R029,0,0.0
DEMO_autumn_12,DEMO_R030,0,0.0
DEMO_autumn_12,DEMO_R031,0,0.0
DEMO_autumn_12,DEMO_R032,0,0.0
DEMO_autumn_12,DEMO_R033,0,0.0
DEMO_autumn_12,DEMO_R034,24,28.9518
DEMO_autumn_12,DEMO_R035,0,0.0
DEMO_autumn_12,DEMO_R036,0,0.0
DEMO_autumn_12,DEMO_R037,0,0.0
DEMO_autumn_12,DEMO_R038,0,0.0
DEMO_autumn_12,DEMO_R039,27,83.2467
DEMO_autumn_12,DEMO_R040,0,0.0
DEMO_autumn_12,DEMO_R041,0,0.0
DEMO_autumn_12,DEMO_R042,14,34.1819
DEMO_autumn_12,DEMO_R043,0,0.0
DEMO_autumn_12,DEMO_R044,0,0.0
DEMO_autumn_12,DEMO_R045,0,0.0
DEMO_autumn_12,DEMO_R046,0,0.0
DEMO_autumn_12,DEMO_R047,28,16.8319
