review_decision_id,candidate_id,taxon_id,output_column,standard_value,source_id,evidence_id,match_resolution_code,final_review_decision,merge_eligibility_before_conflict_check,decision_basis_zh,review_batch
FRD-0001,,Benthalia_sp.,aquatic_stage__egg_larva_aquatic,3,benthalia_genus_serra2016,,GO,accepted_after_user_review,,用户审阅后未发现进一步问题；作为本轮最终接受的本地源补值候选。,2026-05-05
FRD-0002,,Benthalia_sp.,aquatic_stage__fully_aquatic,0,benthalia_genus_serra2016,,GO,accepted_after_user_review,,用户审阅后未发现进一步问题；作为本轮最终接受的本地源补值候选。,2026-05-05
FRD-0003,,Benthalia_sp.,feeding_group__scraper_grazer,1,benthalia_genus_serra2016,,GO,accepted_after_user_review,,用户审阅后未发现进一步问题；作为本轮最终接受的本地源补值候选。,2026-05-05
FRD-0004,,Benthalia_sp.,feeding_group__shredder,1,benthalia_genus_serra2016,,GO,accepted_after_user_review,,用户审阅后未发现进一步问题；作为本轮最终接受的本地源补值候选。,2026-05-05
FRD-0005,,Benthalia_sp.,max_size_coarse__ge_approx_10mm,1,benthalia_genus_serra2016,,GO,accepted_after_user_review,,用户审阅后未发现进一步问题；作为本轮最终接受的本地源补值候选。,2026-05-05
FRD-0006,,Benthalia_sp.,max_size_coarse__lt_10mm,0,benthalia_genus_serra2016,,GO,accepted_after_user_review,,用户审阅后未发现进一步问题；作为本轮最终接受的本地源补值候选。,2026-05-05
FRD-0007,,Benthalia_sp.,oviposition_mode__egg_mass,1,benthalia_genus_serra2016,,GO,accepted_after_user_review,,用户审阅后未发现进一步问题；作为本轮最终接受的本地源补值候选。,2026-05-05
FRD-0008,,Benthalia_sp.,voltinism__multivoltine_gt_1_generation_per_year,3,benthalia_genus_serra2016,,GO,accepted_after_user_review,,用户审阅后未发现进一步问题；作为本轮最终接受的本地源补值候选。,2026-05-05
FRD-0009,,Benthalia_sp.,voltinism__univoltine_1_generation_per_year,3,benthalia_genus_serra2016,,GO,accepted_after_user_review,,用户审阅后未发现进一步问题；作为本轮最终接受的本地源补值候选。,2026-05-05
FRD-0010,,Cryptochironomus_sp.,feeding_group__collector_filterer,0,epa_nc_traitstable,,GO,accepted_after_user_review,,用户审阅后未发现进一步问题；作为本轮最终接受的本地源补值候选。,2026-05-05
FRD-0011,,Cryptochironomus_sp.,feeding_group__collector_gatherer,0,epa_nc_traitstable,,GO,accepted_after_user_review,,用户审阅后未发现进一步问题；作为本轮最终接受的本地源补值候选。,2026-05-05
FRD-0012,,Cryptochironomus_sp.,feeding_group__parasite,0,epa_nc_traitstable,,GO,accepted_after_user_review,,用户审阅后未发现进一步问题；作为本轮最终接受的本地源补值候选。,2026-05-05
FRD-0013,,Cryptochironomus_sp.,feeding_group__predator_piercer,1,epa_nc_traitstable,,GO,accepted_after_user_review,,用户审阅后未发现进一步问题；作为本轮最终接受的本地源补值候选。,2026-05-05
FRD-0014,,Cryptochironomus_sp.,feeding_group__scraper_grazer,0,epa_nc_traitstable,,GO,accepted_after_user_review,,用户审阅后未发现进一步问题；作为本轮最终接受的本地源补值候选。,2026-05-05
FRD-0015,,Cryptochironomus_sp.,feeding_group__shredder,0,epa_nc_traitstable,,GO,accepted_after_user_review,,用户审阅后未发现进一步问题；作为本轮最终接受的本地源补值候选。,2026-05-05
FRD-0016,,Cryptochironomus_sp.,locomotion__burrower_interstitial,0,epa_nc_traitstable,,GO,accepted_after_user_review,,用户审阅后未发现进一步问题；作为本轮最终接受的本地源补值候选。,2026-05-05
FRD-0017,,Cryptochironomus_sp.,locomotion__clinger,0,epa_nc_traitstable,,GO,accepted_after_user_review,,用户审阅后未发现进一步问题；作为本轮最终接受的本地源补值候选。,2026-05-05
FRD-0018,,Cryptochironomus_sp.,locomotion__crawler_climber_sprawler,1,epa_nc_traitstable,,GO,accepted_after_user_review,,用户审阅后未发现进一步问题；作为本轮最终接受的本地源补值候选。,2026-05-05
FRD-0019,,Cryptochironomus_sp.,locomotion__mobile_swimmer_planktonic_skater_flier,0,epa_nc_traitstable,,GO,accepted_after_user_review,,用户审阅后未发现进一步问题；作为本轮最终接受的本地源补值候选。,2026-05-05
FRD-0020,,Cryptotendipes_sp.,feeding_group__collector_filterer,0,epa_nc_traitstable,,GO,accepted_after_user_review,,用户审阅后未发现进一步问题；作为本轮最终接受的本地源补值候选。,2026-05-05
FRD-0021,,Cryptotendipes_sp.,feeding_group__collector_gatherer,1,epa_nc_traitstable,,GO,accepted_after_user_review,,用户审阅后未发现进一步问题；作为本轮最终接受的本地源补值候选。,2026-05-05
FRD-0022,,Cryptotendipes_sp.,feeding_group__parasite,0,epa_nc_traitstable,,GO,accepted_after_user_review,,用户审阅后未发现进一步问题；作为本轮最终接受的本地源补值候选。,2026-05-05
FRD-0023,,Cryptotendipes_sp.,feeding_group__predator_piercer,0,epa_nc_traitstable,,GO,accepted_after_user_review,,用户审阅后未发现进一步问题；作为本轮最终接受的本地源补值候选。,2026-05-05
FRD-0024,,Cryptotendipes_sp.,feeding_group__scraper_grazer,0,epa_nc_traitstable,,GO,accepted_after_user_review,,用户审阅后未发现进一步问题；作为本轮最终接受的本地源补值候选。,2026-05-05
FRD-0025,,Cryptotendipes_sp.,feeding_group__shredder,0,epa_nc_traitstable,,GO,accepted_after_user_review,,用户审阅后未发现进一步问题；作为本轮最终接受的本地源补值候选。,2026-05-05
FRD-0026,,Cryptotendipes_sp.,locomotion__burrower_interstitial,0,epa_nc_traitstable,,GO,accepted_after_user_review,,用户审阅后未发现进一步问题；作为本轮最终接受的本地源补值候选。,2026-05-05
FRD-0027,,Cryptotendipes_sp.,locomotion__clinger,0,epa_nc_traitstable,,GO,accepted_after_user_review,,用户审阅后未发现进一步问题；作为本轮最终接受的本地源补值候选。,2026-05-05
FRD-0028,,Cryptotendipes_sp.,locomotion__crawler_climber_sprawler,1,epa_nc_traitstable,,GO,accepted_after_user_review,,用户审阅后未发现进一步问题；作为本轮最终接受的本地源补值候选。,2026-05-05
FRD-0029,,Cryptotendipes_sp.,locomotion__mobile_swimmer_planktonic_skater_flier,0,epa_nc_traitstable,,GO,accepted_after_user_review,,用户审阅后未发现进一步问题；作为本轮最终接受的本地源补值候选。,2026-05-05
FRD-0030,,Cuneopsis_sp.,max_size_coarse__ge_approx_10mm,1,liu_2022_china_unionida_review,,OS,accepted_after_user_review,,用户审阅后接受：Cuneopsis_sp 仅采用 OS 证据；Liu2022 中 Cuneopsis heudei max_length_mm=110 可支持粗二元体型。,2026-05-05
FRD-0031,,Cuneopsis_sp.,max_size_coarse__lt_10mm,0,liu_2022_china_unionida_review,,OS,accepted_after_user_review,,用户审阅后接受：Cuneopsis_sp 仅采用 OS 证据；Liu2022 中 Cuneopsis heudei max_length_mm=110 可支持粗二元体型。,2026-05-05
FRD-0032,,Ictinogomphus_sp.,feeding_group__collector_filterer,0,eol_traitbank_4pages,,OS,accepted_after_user_review,,用户审阅后未发现进一步问题；作为本轮最终接受的本地源补值候选。,2026-05-05
FRD-0033,,Ictinogomphus_sp.,feeding_group__collector_gatherer,0,eol_traitbank_4pages,,OS,accepted_after_user_review,,用户审阅后未发现进一步问题；作为本轮最终接受的本地源补值候选。,2026-05-05
FRD-0034,,Ictinogomphus_sp.,feeding_group__parasite,0,eol_traitbank_4pages,,OS,accepted_after_user_review,,用户审阅后未发现进一步问题；作为本轮最终接受的本地源补值候选。,2026-05-05
FRD-0035,,Ictinogomphus_sp.,feeding_group__predator_piercer,1,eol_traitbank_4pages,,OS,accepted_after_user_review,,用户审阅后未发现进一步问题；作为本轮最终接受的本地源补值候选。,2026-05-05
FRD-0036,,Ictinogomphus_sp.,feeding_group__scraper_grazer,0,eol_traitbank_4pages,,OS,accepted_after_user_review,,用户审阅后未发现进一步问题；作为本轮最终接受的本地源补值候选。,2026-05-05
FRD-0037,,Ictinogomphus_sp.,feeding_group__shredder,0,eol_traitbank_4pages,,OS,accepted_after_user_review,,用户审阅后未发现进一步问题；作为本轮最终接受的本地源补值候选。,2026-05-05
FRD-0038,,Ictinogomphus_sp.,voltinism__multivoltine_gt_1_generation_per_year,0,eol_traitbank_4pages,,OS,accepted_after_user_review,,用户审阅后未发现进一步问题；作为本轮最终接受的本地源补值候选。,2026-05-05
FRD-0039,,Ictinogomphus_sp.,voltinism__semivoltine_lt_1_generation_per_year,3,eol_traitbank_4pages,,OS,accepted_after_user_review,,用户审阅后未发现进一步问题；作为本轮最终接受的本地源补值候选。,2026-05-05
FRD-0040,,Ictinogomphus_sp.,voltinism__univoltine_1_generation_per_year,3,eol_traitbank_4pages,,OS,accepted_after_user_review,,用户审阅后未发现进一步问题；作为本轮最终接受的本地源补值候选。,2026-05-05
FRD-0041,,Micropsectra_sp.,feeding_group__collector_filterer,1,eol_traitbank_4pages,,GO,accepted_after_user_review,,用户审阅后未发现进一步问题；作为本轮最终接受的本地源补值候选。,2026-05-05
FRD-0042,,Micropsectra_sp.,feeding_group__collector_gatherer,1,epa_nc_traitstable,,GO,accepted_after_user_review,,用户审阅后未发现进一步问题；作为本轮最终接受的本地源补值候选。,2026-05-05
FRD-0043,,Micropsectra_sp.,feeding_group__parasite,0,epa_nc_traitstable,,GO,accepted_after_user_review,,用户审阅后未发现进一步问题；作为本轮最终接受的本地源补值候选。,2026-05-05
FRD-0044,,Micropsectra_sp.,feeding_group__predator_piercer,0,epa_nc_traitstable,,GO,accepted_after_user_review,,用户审阅后未发现进一步问题；作为本轮最终接受的本地源补值候选。,2026-05-05
FRD-0045,,Micropsectra_sp.,feeding_group__scraper_grazer,0,epa_nc_traitstable,,GO,accepted_after_user_review,,用户审阅后未发现进一步问题；作为本轮最终接受的本地源补值候选。,2026-05-05
FRD-0046,,Micropsectra_sp.,feeding_group__shredder,0,epa_nc_traitstable,,GO,accepted_after_user_review,,用户审阅后未发现进一步问题；作为本轮最终接受的本地源补值候选。,2026-05-05
FRD-0047,,Micropsectra_sp.,locomotion__burrower_interstitial,0,epa_nc_traitstable,,GO,accepted_after_user_review,,用户审阅后未发现进一步问题；作为本轮最终接受的本地源补值候选。,2026-05-05
FRD-0048,,Micropsectra_sp.,locomotion__clinger,0,epa_nc_traitstable,,GO,accepted_after_user_review,,用户审阅后未发现进一步问题；作为本轮最终接受的本地源补值候选。,2026-05-05
FRD-0049,,Micropsectra_sp.,locomotion__crawler_climber_sprawler,1,epa_nc_traitstable,,GO,accepted_after_user_review,,用户审阅后未发现进一步问题；作为本轮最终接受的本地源补值候选。,2026-05-05
FRD-0050,,Micropsectra_sp.,locomotion__mobile_swimmer_planktonic_skater_flier,0,epa_nc_traitstable,,GO,accepted_after_user_review,,用户审阅后未发现进一步问题；作为本轮最终接受的本地源补值候选。,2026-05-05
FRD-0051,,Micropsectra_sp.,voltinism__multivoltine_gt_1_generation_per_year,3,epa_nc_traitstable,,GO,accepted_after_user_review,,用户审阅后未发现进一步问题；作为本轮最终接受的本地源补值候选。,2026-05-05
FRD-0052,,Micropsectra_sp.,voltinism__semivoltine_lt_1_generation_per_year,0,epa_nc_traitstable,,GO,accepted_after_user_review,,用户审阅后未发现进一步问题；作为本轮最终接受的本地源补值候选。,2026-05-05
FRD-0053,,Micropsectra_sp.,voltinism__univoltine_1_generation_per_year,0,epa_nc_traitstable,,GO,accepted_after_user_review,,用户审阅后未发现进一步问题；作为本轮最终接受的本地源补值候选。,2026-05-05
FRD-0054,,Rivularia_sp.,armour_AR1_none,0,eol_traitbank_4pages,,GO,accepted_after_user_review,,用户审阅后未发现进一步问题；作为本轮最终接受的本地源补值候选。,2026-05-05
FRD-0055,,Rivularia_sp.,armour_AR2_weak,0,eol_traitbank_4pages,,GO,accepted_after_user_review,,用户审阅后未发现进一步问题；作为本轮最终接受的本地源补值候选。,2026-05-05
FRD-0056,,Rivularia_sp.,armour_AR3_strong,3,eol_traitbank_4pages,,GO,accepted_after_user_review,,用户审阅后未发现进一步问题；作为本轮最终接受的本地源补值候选。,2026-05-05
FRD-0057,,Rivularia_sp.,locomotion__burrower_interstitial,0,eol_traitbank_4pages,,GO,accepted_after_user_review,,用户审阅后未发现进一步问题；作为本轮最终接受的本地源补值候选。,2026-05-05
FRD-0058,,Rivularia_sp.,locomotion__clinger,0,eol_traitbank_4pages,,GO,accepted_after_user_review,,用户审阅后未发现进一步问题；作为本轮最终接受的本地源补值候选。,2026-05-05
FRD-0059,,Rivularia_sp.,locomotion__crawler_climber_sprawler,1,eol_traitbank_4pages,,GO,accepted_after_user_review,,用户审阅后未发现进一步问题；作为本轮最终接受的本地源补值候选。,2026-05-05
FRD-0060,,Rivularia_sp.,locomotion__mobile_swimmer_planktonic_skater_flier,0,eol_traitbank_4pages,,GO,accepted_after_user_review,,用户审阅后未发现进一步问题；作为本轮最终接受的本地源补值候选。,2026-05-05
FRD-0061,,Rivularia_sp.,max_size_coarse__ge_approx_10mm,1,eol_traitbank_4pages,,OS,accepted_after_user_review,,用户审阅后未发现进一步问题；作为本轮最终接受的本地源补值候选。,2026-05-05
FRD-0062,,Rivularia_sp.,max_size_coarse__lt_10mm,0,eol_traitbank_4pages,,OS,accepted_after_user_review,,用户审阅后未发现进一步问题；作为本轮最终接受的本地源补值候选。,2026-05-05
FRD-0063,,Cuneopsis_sp.,life_span_bin__gt_1yr,,liu_2022_china_unionida_review,,SG,abandoned_after_user_review,,放弃：该寿命候选只有 SG 同属其他种证据；Cuneopsis_sp 最终审阅规则为仅接受 OS 原始种上卷证据。,2026-05-05
RGD-0001,CAND_ABLABESMYIA_SP_FULL_001,Ablabesmyia_sp.,feeding_group__parasite,0,galizzi_2012_chironomidae_diet,EV_GALIZZI2012_ABLABESMYIA_FFG_001,GO,accepted_after_user_review,eligible_reviewed,人工审阅完成：按用户说明，模板空白候选视为接受；未追加单独备注。,2026-05-15
RGD-0002,CAND_ABLABESMYIA_SP_FULL_002,Ablabesmyia_sp.,life_span_bin__le_1yr,3,wonglersak_2021_chironomid_body_size_life_history,EV_WONGLERSAK2021_ABLABESMYIA_MONILIS_LIFE_001,SG,accepted_after_user_review,eligible_reviewed,人工审阅完成：按用户说明，模板空白候选视为接受；未追加单独备注。,2026-05-15
RGD-0003,CAND_ABLABESMYIA_SP_FULL_003,Ablabesmyia_sp.,life_span_bin__gt_1yr,0,wonglersak_2021_chironomid_body_size_life_history,EV_WONGLERSAK2021_ABLABESMYIA_MONILIS_LIFE_001,SG,accepted_after_user_review,eligible_reviewed,人工审阅完成：按用户说明，模板空白候选视为接受；未追加单独备注。,2026-05-15
RGD-0004,CAND_ABLABESMYIA_SP_FULL_004,Ablabesmyia_sp.,voltinism__semivoltine_lt_1_generation_per_year,0,wonglersak_2021_chironomid_body_size_life_history,EV_WONGLERSAK2021_ABLABESMYIA_MONILIS_LIFE_001,SG,accepted_after_user_review,eligible_reviewed,人工审阅完成：按用户说明，模板空白候选视为接受；未追加单独备注。,2026-05-15
RGD-0005,CAND_ABLABESMYIA_SP_FULL_005,Ablabesmyia_sp.,voltinism__univoltine_1_generation_per_year,3,wonglersak_2021_chironomid_body_size_life_history,EV_WONGLERSAK2021_ABLABESMYIA_MONILIS_LIFE_001,SG,accepted_after_user_review,eligible_reviewed,人工审阅完成：按用户说明，模板空白候选视为接受；未追加单独备注。,2026-05-15
RGD-0006,CAND_ABLABESMYIA_SP_FULL_006,Ablabesmyia_sp.,voltinism__multivoltine_gt_1_generation_per_year,0,wonglersak_2021_chironomid_body_size_life_history,EV_WONGLERSAK2021_ABLABESMYIA_MONILIS_LIFE_001,SG,accepted_after_user_review,eligible_reviewed,人工审阅完成：按用户说明，模板空白候选视为接受；未追加单独备注。,2026-05-15
RGD-0007,CAND_ACUTICOSTA_SP_FULL_001,Acuticosta_sp.,shape_S1_streamlined,0,microshells_acuticosta_squammosus_20260512,EV_MICROSHELLS_ACUTICOSTA_SHELL_SHAPE_001,OS,accepted_after_user_review,eligible_reviewed,人工审阅完成：按用户说明，模板空白候选视为接受；未追加单独备注。,2026-05-15
RGD-0008,CAND_ACUTICOSTA_SP_FULL_002,Acuticosta_sp.,shape_S2_non_streamlined,2,microshells_acuticosta_squammosus_20260512,EV_MICROSHELLS_ACUTICOSTA_SHELL_SHAPE_001,OS,accepted_adjusted_after_user_review,eligible_reviewed,人工审阅完成：接受已调整值；Acuticosta_sp. 的 shape_S2_non_streamlined 使用标准值 2，并保留亚型/亚种上卷来源说明。,2026-05-15
RGD-0009,CAND_DICROTENDIPES_SP_FULL_001,Dicrotendipes_sp.,voltinism__semivoltine_lt_1_generation_per_year,0,epa_me_nc_traitstable_20100927,EV_EPA_TRAITS_DICROTENDIPES_VOLT_001,EG,accepted_after_user_review,eligible_reviewed,人工审阅完成：按用户说明，模板空白候选视为接受；未追加单独备注。,2026-05-15
RGD-0010,CAND_DICROTENDIPES_SP_FULL_002,Dicrotendipes_sp.,voltinism__univoltine_1_generation_per_year,0,epa_me_nc_traitstable_20100927,EV_EPA_TRAITS_DICROTENDIPES_VOLT_001,EG,accepted_after_user_review,eligible_reviewed,人工审阅完成：按用户说明，模板空白候选视为接受；未追加单独备注。,2026-05-15
RGD-0011,CAND_DICROTENDIPES_SP_FULL_003,Dicrotendipes_sp.,voltinism__multivoltine_gt_1_generation_per_year,3,epa_me_nc_traitstable_20100927,EV_EPA_TRAITS_DICROTENDIPES_VOLT_001,EG,accepted_after_user_review,eligible_reviewed,人工审阅完成：按用户说明，模板空白候选视为接受；未追加单独备注。,2026-05-15
RGD-0012,CAND_DICROTENDIPES_SP_FULL_004,Dicrotendipes_sp.,feeding_group__parasite,0,eol_dicrotendipes_genus_20260512,EV_EOL_DICROTENDIPES_GENUS_FFG_001,EG,accepted_after_user_review,eligible_reviewed,人工审阅完成：按用户说明，模板空白候选视为接受；未追加单独备注。,2026-05-15
RGD-0013,CAND_GLYPTO_SMOKE_001,Glyptotendipes_sp.,life_span_bin__le_1yr,3,fu_2022_fevo922539,EV_FU2022_TS2_GLYPTO_001,OS,accepted_after_user_review,eligible_reviewed,人工审阅完成：按用户说明，模板空白候选视为接受；未追加单独备注。,2026-05-15
RGD-0014,CAND_GLYPTO_SMOKE_002,Glyptotendipes_sp.,life_span_bin__gt_1yr,0,fu_2022_fevo922539,EV_FU2022_TS2_GLYPTO_001,OS,accepted_after_user_review,eligible_reviewed,人工审阅完成：按用户说明，模板空白候选视为接受；未追加单独备注。,2026-05-15
RGD-0015,CAND_GLYPTO_SMOKE_003,Glyptotendipes_sp.,voltinism__semivoltine_lt_1_generation_per_year,0,fu_2022_fevo922539,EV_FU2022_TS2_GLYPTO_001,OS,accepted_after_user_review,eligible_reviewed,人工审阅完成：按用户说明，模板空白候选视为接受；未追加单独备注。,2026-05-15
RGD-0016,CAND_GLYPTO_SMOKE_004,Glyptotendipes_sp.,voltinism__univoltine_1_generation_per_year,0,fu_2022_fevo922539,EV_FU2022_TS2_GLYPTO_001,OS,accepted_after_user_review,eligible_reviewed,人工审阅完成：按用户说明，模板空白候选视为接受；未追加单独备注。,2026-05-15
RGD-0017,CAND_GLYPTO_SMOKE_005,Glyptotendipes_sp.,voltinism__multivoltine_gt_1_generation_per_year,3,fu_2022_fevo922539,EV_FU2022_TS2_GLYPTO_001,OS,accepted_after_user_review,eligible_reviewed,人工审阅完成：按用户说明，模板空白候选视为接受；未追加单独备注。,2026-05-15
RGD-0018,CAND_GLYPTO_SMOKE_006,Glyptotendipes_sp.,feeding_group__parasite,0,fu_2022_fevo922539,EV_FU2022_TS2_GLYPTO_001,OS,accepted_after_user_review,eligible_reviewed,人工审阅完成：按用户说明，模板空白候选视为接受；未追加单独备注。,2026-05-15
RGD-0019,CAND_GLYPTO_SMOKE_007,Glyptotendipes_sp.,aquatic_stage__egg_larva_aquatic,3,baek_2014_en14052,EV_BAEK2014_LIFE_HISTORY_001,OS,accepted_after_user_review,eligible_reviewed,人工审阅完成：按用户说明，模板空白候选视为接受；未追加单独备注。,2026-05-15
RGD-0020,CAND_GLYPTO_SMOKE_008,Glyptotendipes_sp.,aquatic_stage__fully_aquatic,0,baek_2014_en14052,EV_BAEK2014_LIFE_HISTORY_001,OS,accepted_after_user_review,eligible_reviewed,人工审阅完成：按用户说明，模板空白候选视为接受；未追加单独备注。,2026-05-15
RGD-0021,CAND_GLYPTO_SMOKE_009,Glyptotendipes_sp.,life_span_bin__le_1yr,3,baek_2014_en14052,EV_BAEK2014_LIFE_HISTORY_001,OS,accepted_after_user_review,eligible_reviewed,人工审阅完成：按用户说明，模板空白候选视为接受；未追加单独备注。,2026-05-15
RGD-0022,CAND_GLYPTO_SMOKE_010,Glyptotendipes_sp.,life_span_bin__gt_1yr,0,baek_2014_en14052,EV_BAEK2014_LIFE_HISTORY_001,OS,accepted_after_user_review,eligible_reviewed,人工审阅完成：按用户说明，模板空白候选视为接受；未追加单独备注。,2026-05-15
RGD-0023,CAND_MICROCHIRONOMUS_SP_P0_001,Microchironomus_sp.,life_span_bin__le_1yr,3,fu_2022_fevo922539,EV_FU2022_MICROCHIRONOMUS_SP_001,OS,accepted_after_user_review,eligible_reviewed,人工审阅完成：按用户说明，模板空白候选视为接受；未追加单独备注。,2026-05-15
RGD-0024,CAND_MICROCHIRONOMUS_SP_P0_002,Microchironomus_sp.,life_span_bin__gt_1yr,0,fu_2022_fevo922539,EV_FU2022_MICROCHIRONOMUS_SP_001,OS,accepted_after_user_review,eligible_reviewed,人工审阅完成：按用户说明，模板空白候选视为接受；未追加单独备注。,2026-05-15
RGD-0025,CAND_MICROCHIRONOMUS_SP_P0_003,Microchironomus_sp.,voltinism__semivoltine_lt_1_generation_per_year,0,fu_2022_fevo922539,EV_FU2022_MICROCHIRONOMUS_SP_001,OS,accepted_after_user_review,eligible_reviewed,人工审阅完成：按用户说明，模板空白候选视为接受；未追加单独备注。,2026-05-15
RGD-0026,CAND_MICROCHIRONOMUS_SP_P0_004,Microchironomus_sp.,voltinism__univoltine_1_generation_per_year,0,fu_2022_fevo922539,EV_FU2022_MICROCHIRONOMUS_SP_001,OS,accepted_after_user_review,eligible_reviewed,人工审阅完成：按用户说明，模板空白候选视为接受；未追加单独备注。,2026-05-15
RGD-0027,CAND_MICROCHIRONOMUS_SP_P0_005,Microchironomus_sp.,voltinism__multivoltine_gt_1_generation_per_year,3,fu_2022_fevo922539,EV_FU2022_MICROCHIRONOMUS_SP_001,OS,accepted_after_user_review,eligible_reviewed,人工审阅完成：按用户说明，模板空白候选视为接受；未追加单独备注。,2026-05-15
RGD-0028,CAND_MICROCHIRONOMUS_SP_P0_006,Microchironomus_sp.,feeding_group__parasite,0,fu_2022_fevo922539,EV_FU2022_MICROCHIRONOMUS_SP_001,OS,accepted_after_user_review,eligible_reviewed,人工审阅完成：按用户说明，模板空白候选视为接受；未追加单独备注。,2026-05-15
RGD-0029,CAND_POLYPEDILUM_SP_P0_001,Polypedilum_sp.,life_span_bin__le_1yr,3,fu_2022_fevo922539,EV_FU2022_POLYPEDILUM_SP_001,GO,accepted_after_user_review,eligible_reviewed,人工审阅完成：按用户说明，模板空白候选视为接受；未追加单独备注。,2026-05-15
RGD-0030,CAND_POLYPEDILUM_SP_P0_002,Polypedilum_sp.,life_span_bin__gt_1yr,0,fu_2022_fevo922539,EV_FU2022_POLYPEDILUM_SP_001,GO,accepted_after_user_review,eligible_reviewed,人工审阅完成：按用户说明，模板空白候选视为接受；未追加单独备注。,2026-05-15
RGD-0031,CAND_POLYPEDILUM_SP_P0_003,Polypedilum_sp.,voltinism__semivoltine_lt_1_generation_per_year,0,fu_2022_fevo922539,EV_FU2022_POLYPEDILUM_SP_001,GO,accepted_after_user_review,eligible_reviewed,人工审阅完成：按用户说明，模板空白候选视为接受；未追加单独备注。,2026-05-15
RGD-0032,CAND_POLYPEDILUM_SP_P0_004,Polypedilum_sp.,voltinism__univoltine_1_generation_per_year,0,fu_2022_fevo922539,EV_FU2022_POLYPEDILUM_SP_001,GO,accepted_after_user_review,eligible_reviewed,人工审阅完成：按用户说明，模板空白候选视为接受；未追加单独备注。,2026-05-15
RGD-0033,CAND_POLYPEDILUM_SP_P0_005,Polypedilum_sp.,voltinism__multivoltine_gt_1_generation_per_year,3,fu_2022_fevo922539,EV_FU2022_POLYPEDILUM_SP_001,GO,accepted_after_user_review,eligible_reviewed,人工审阅完成：按用户说明，模板空白候选视为接受；未追加单独备注。,2026-05-15
RGD-0034,CAND_POLYPEDILUM_SP_P0_006,Polypedilum_sp.,feeding_group__parasite,0,fu_2022_fevo922539,EV_FU2022_POLYPEDILUM_SP_001,GO,accepted_after_user_review,eligible_reviewed,人工审阅完成：按用户说明，模板空白候选视为接受；未追加单独备注。,2026-05-15
RGD-0035,CAND_POLYPEDILUM_SP_FULL_007,Polypedilum_sp.,aquatic_stage__egg_larva_aquatic,3,tang_2014_polypedilum_masudai_immature,EV_TANG2014_POLYPEDILUM_MASUDAI_IMMATURE_001,OS,accepted_after_user_review,eligible_reviewed,人工审阅完成：按用户说明，模板空白候选视为接受；未追加单独备注。,2026-05-15
RGD-0036,CAND_POLYPEDILUM_SP_FULL_008,Polypedilum_sp.,aquatic_stage__fully_aquatic,0,tang_2014_polypedilum_masudai_immature,EV_TANG2014_POLYPEDILUM_MASUDAI_IMMATURE_001,OS,accepted_after_user_review,eligible_reviewed,人工审阅完成：按用户说明，模板空白候选视为接受；未追加单独备注。,2026-05-15
RGD-0037,CAND_POLYPEDILUM_SP_FULL_009,Polypedilum_sp.,feeding_group__parasite,0,eol_polypedilum_scalaenum_20260512,EV_EOL_POLYPEDILUM_SCALAENUM_FFG_001,OS,accepted_after_user_review,eligible_reviewed,人工审阅完成：按用户说明，模板空白候选视为接受；未追加单独备注。,2026-05-15
RGD-0038,CAND_POLYPEDILUM_SP_FULL_010,Polypedilum_sp.,feeding_group__parasite,0,galizzi_2012_chironomidae_diet,EV_GALIZZI2012_POLYPEDILUM_FFG_001,GO,accepted_after_user_review,eligible_reviewed,人工审阅完成：按用户说明，模板空白候选视为接受；未追加单独备注。,2026-05-15
RGD-0039,CAND_PROCLADIUS_SP_P0_001,Procladius_sp.,life_span_bin__le_1yr,3,fu_2022_fevo922539,EV_FU2022_PROCLADIUS_SP_001,GO,accepted_after_user_review,eligible_reviewed,人工审阅完成：按用户说明，模板空白候选视为接受；未追加单独备注。,2026-05-15
RGD-0040,CAND_PROCLADIUS_SP_P0_002,Procladius_sp.,life_span_bin__gt_1yr,0,fu_2022_fevo922539,EV_FU2022_PROCLADIUS_SP_001,GO,accepted_after_user_review,eligible_reviewed,人工审阅完成：按用户说明，模板空白候选视为接受；未追加单独备注。,2026-05-15
RGD-0041,CAND_PROCLADIUS_SP_P0_003,Procladius_sp.,voltinism__semivoltine_lt_1_generation_per_year,0,fu_2022_fevo922539,EV_FU2022_PROCLADIUS_SP_001,GO,accepted_after_user_review,eligible_reviewed,人工审阅完成：按用户说明，模板空白候选视为接受；未追加单独备注。,2026-05-15
RGD-0042,CAND_PROCLADIUS_SP_P0_004,Procladius_sp.,voltinism__univoltine_1_generation_per_year,3,fu_2022_fevo922539,EV_FU2022_PROCLADIUS_SP_001,GO,accepted_after_user_review,eligible_reviewed,人工审阅完成：按用户说明，模板空白候选视为接受；未追加单独备注。,2026-05-15
RGD-0043,CAND_PROCLADIUS_SP_P0_005,Procladius_sp.,voltinism__multivoltine_gt_1_generation_per_year,0,fu_2022_fevo922539,EV_FU2022_PROCLADIUS_SP_001,GO,accepted_after_user_review,eligible_reviewed,人工审阅完成：按用户说明，模板空白候选视为接受；未追加单独备注。,2026-05-15
RGD-0044,CAND_PROCLADIUS_SP_P0_006,Procladius_sp.,feeding_group__parasite,0,fu_2022_fevo922539,EV_FU2022_PROCLADIUS_SP_001,GO,accepted_after_user_review,eligible_reviewed,人工审阅完成：按用户说明，模板空白候选视为接受；未追加单独备注。,2026-05-15
RGD-0045,CAND_PROCLADIUS_SP_FULL_007,Procladius_sp.,life_span_bin__le_1yr,3,specziar_2008_procladius_life_history,EV_SPECZIAR2008_PROCLADIUS_CHOREUS_LIFE_001,OS,accepted_after_user_review,eligible_reviewed,人工审阅完成：按用户说明，模板空白候选视为接受；未追加单独备注。,2026-05-15
RGD-0046,CAND_PROCLADIUS_SP_FULL_008,Procladius_sp.,life_span_bin__gt_1yr,0,specziar_2008_procladius_life_history,EV_SPECZIAR2008_PROCLADIUS_CHOREUS_LIFE_001,OS,accepted_after_user_review,eligible_reviewed,人工审阅完成：按用户说明，模板空白候选视为接受；未追加单独备注。,2026-05-15
RGD-0047,CAND_PROCLADIUS_SP_FULL_009,Procladius_sp.,voltinism__semivoltine_lt_1_generation_per_year,0,specziar_2008_procladius_life_history,EV_SPECZIAR2008_PROCLADIUS_CHOREUS_LIFE_001,OS,accepted_after_user_review,eligible_reviewed,人工审阅完成：按用户说明，模板空白候选视为接受；未追加单独备注。,2026-05-15
RGD-0048,CAND_PROCLADIUS_SP_FULL_010,Procladius_sp.,voltinism__univoltine_1_generation_per_year,0,specziar_2008_procladius_life_history,EV_SPECZIAR2008_PROCLADIUS_CHOREUS_LIFE_001,OS,accepted_after_user_review,eligible_reviewed,人工审阅完成：按用户说明，模板空白候选视为接受；未追加单独备注。,2026-05-15
RGD-0049,CAND_PROCLADIUS_SP_FULL_011,Procladius_sp.,voltinism__multivoltine_gt_1_generation_per_year,3,specziar_2008_procladius_life_history,EV_SPECZIAR2008_PROCLADIUS_CHOREUS_LIFE_001,OS,accepted_after_user_review,eligible_reviewed,人工审阅完成：按用户说明，模板空白候选视为接受；未追加单独备注。,2026-05-15
RGD-0050,CAND_PROCLADIUS_SP_FULL_012,Procladius_sp.,feeding_group__parasite,0,eol_procladius_choreus_20260512,EV_EOL_PROCLADIUS_CHOREUS_FFG_001,OS,accepted_after_user_review,eligible_reviewed,人工审阅完成：按用户说明，模板空白候选视为接受；未追加单独备注。,2026-05-15
RGD-0051,CAND_PROCLADIUS_SP_FULL_013,Procladius_sp.,feeding_group__parasite,0,galizzi_2012_chironomidae_diet,EV_GALIZZI2012_PROCLADIUS_FFG_001,GO,accepted_after_user_review,eligible_reviewed,人工审阅完成：按用户说明，模板空白候选视为接受；未追加单独备注。,2026-05-15
RGD-0052,CAND_SINANODONTA_SP_P0_001,Sinanodonta_sp.,life_span_bin__le_1yr,0,fu_2022_fevo922539,EV_FU2022_SINANODONTA_SP_001,OS,accepted_after_user_review,eligible_reviewed,人工审阅完成：按用户说明，模板空白候选视为接受；未追加单独备注。,2026-05-15
RGD-0053,CAND_SINANODONTA_SP_P0_002,Sinanodonta_sp.,life_span_bin__gt_1yr,3,fu_2022_fevo922539,EV_FU2022_SINANODONTA_SP_001,OS,accepted_after_user_review,eligible_reviewed,人工审阅完成：按用户说明，模板空白候选视为接受；未追加单独备注。,2026-05-15
RGD-0054,CAND_SINANODONTA_SP_P0_003,Sinanodonta_sp.,voltinism__semivoltine_lt_1_generation_per_year,0,fu_2022_fevo922539,EV_FU2022_SINANODONTA_SP_001,OS,accepted_after_user_review,eligible_reviewed,人工审阅完成：按用户说明，模板空白候选视为接受；未追加单独备注。,2026-05-15
RGD-0055,CAND_SINANODONTA_SP_P0_004,Sinanodonta_sp.,voltinism__univoltine_1_generation_per_year,3,fu_2022_fevo922539,EV_FU2022_SINANODONTA_SP_001,OS,accepted_after_user_review,eligible_reviewed,人工审阅完成：按用户说明，模板空白候选视为接受；未追加单独备注。,2026-05-15
RGD-0056,CAND_SINANODONTA_SP_P0_005,Sinanodonta_sp.,voltinism__multivoltine_gt_1_generation_per_year,0,fu_2022_fevo922539,EV_FU2022_SINANODONTA_SP_001,OS,accepted_after_user_review,eligible_reviewed,人工审阅完成：按用户说明，模板空白候选视为接受；未追加单独备注。,2026-05-15
RGD-0057,CAND_SINANODONTA_SP_P0_006,Sinanodonta_sp.,feeding_group__parasite,0,fu_2022_fevo922539,EV_FU2022_SINANODONTA_SP_001,OS,accepted_after_user_review,eligible_reviewed,人工审阅完成：按用户说明，模板空白候选视为接受；未追加单独备注。,2026-05-15
RGD-0058,CAND_SINANODONTA_SP_FULL_007,Sinanodonta_sp.,shape_S1_streamlined,0,korean_stream_macroinvertebrate_v1_2,EV_KOREAN_ANODONTA_GENUS_001,OS,accepted_after_user_review,eligible_reviewed,人工审阅完成：按用户说明，模板空白候选视为接受；未追加单独备注。,2026-05-15
RGD-0059,CAND_SINANODONTA_SP_FULL_008,Sinanodonta_sp.,shape_S2_non_streamlined,2,korean_stream_macroinvertebrate_v1_2,EV_KOREAN_ANODONTA_GENUS_001,OS,accepted_after_user_review,eligible_reviewed,人工审阅完成：按用户说明，模板空白候选视为接受；未追加单独备注。,2026-05-15
RGD-0060,CAND_SINANODONTA_SP_FULL_009,Sinanodonta_sp.,armour_AR1_none,0,korean_stream_macroinvertebrate_v1_2,EV_KOREAN_ANODONTA_GENUS_001,OS,accepted_after_user_review,eligible_reviewed,人工审阅完成：按用户说明，模板空白候选视为接受；未追加单独备注。,2026-05-15
RGD-0061,CAND_SINANODONTA_SP_FULL_010,Sinanodonta_sp.,armour_AR2_weak,0,korean_stream_macroinvertebrate_v1_2,EV_KOREAN_ANODONTA_GENUS_001,OS,accepted_after_user_review,eligible_reviewed,人工审阅完成：按用户说明，模板空白候选视为接受；未追加单独备注。,2026-05-15
RGD-0062,CAND_SINANODONTA_SP_FULL_011,Sinanodonta_sp.,armour_AR3_strong,2,korean_stream_macroinvertebrate_v1_2,EV_KOREAN_ANODONTA_GENUS_001,OS,accepted_after_user_review,eligible_reviewed,人工审阅完成：按用户说明，模板空白候选视为接受；未追加单独备注。,2026-05-15
RGD-0063,CAND_SINANODONTA_SP_FULL_012,Sinanodonta_sp.,feeding_group__parasite,0,korean_stream_macroinvertebrate_v1_2,EV_KOREAN_ANODONTA_GENUS_001,OS,accepted_after_user_review,eligible_reviewed,人工审阅完成：按用户说明，模板空白候选视为接受；未追加单独备注。,2026-05-15
RGD-0064,CAND_SINANODONTA_SP_FULL_013,Sinanodonta_sp.,aquatic_stage__egg_larva_aquatic,1,korean_stream_macroinvertebrate_v1_2,EV_KOREAN_ANODONTA_GENUS_001,OS,accepted_after_user_review,eligible_reviewed,人工审阅完成：按用户说明，模板空白候选视为接受；未追加单独备注。,2026-05-15
RGD-0065,CAND_SINANODONTA_SP_FULL_014,Sinanodonta_sp.,aquatic_stage__fully_aquatic,1,korean_stream_macroinvertebrate_v1_2,EV_KOREAN_ANODONTA_GENUS_001,OS,accepted_after_user_review,eligible_reviewed,人工审阅完成：按用户说明，模板空白候选视为接受；未追加单独备注。,2026-05-15
RGD-0066,CAND_SINANODONTA_SP_FULL_015,Sinanodonta_sp.,life_span_bin__le_1yr,0,korean_stream_macroinvertebrate_v1_2,EV_KOREAN_ANODONTA_GENUS_001,OS,accepted_after_user_review,eligible_reviewed,人工审阅完成：按用户说明，模板空白候选视为接受；未追加单独备注。,2026-05-15
RGD-0067,CAND_SINANODONTA_SP_FULL_016,Sinanodonta_sp.,life_span_bin__gt_1yr,3,korean_stream_macroinvertebrate_v1_2,EV_KOREAN_ANODONTA_GENUS_001,OS,accepted_after_user_review,eligible_reviewed,人工审阅完成：按用户说明，模板空白候选视为接受；未追加单独备注。,2026-05-15
RGD-0068,CAND_SINANODONTA_SP_FULL_017,Sinanodonta_sp.,voltinism__semivoltine_lt_1_generation_per_year,0,korean_stream_macroinvertebrate_v1_2,EV_KOREAN_ANODONTA_GENUS_001,OS,accepted_after_user_review,eligible_reviewed,人工审阅完成：按用户说明，模板空白候选视为接受；未追加单独备注。,2026-05-15
RGD-0069,CAND_SINANODONTA_SP_FULL_018,Sinanodonta_sp.,voltinism__univoltine_1_generation_per_year,2,korean_stream_macroinvertebrate_v1_2,EV_KOREAN_ANODONTA_GENUS_001,OS,accepted_after_user_review,eligible_reviewed,人工审阅完成：按用户说明，模板空白候选视为接受；未追加单独备注。,2026-05-15
RGD-0070,CAND_SINANODONTA_SP_FULL_019,Sinanodonta_sp.,voltinism__multivoltine_gt_1_generation_per_year,2,korean_stream_macroinvertebrate_v1_2,EV_KOREAN_ANODONTA_GENUS_001,OS,accepted_after_user_review,eligible_reviewed,人工审阅完成：按用户说明，模板空白候选视为接受；未追加单独备注。,2026-05-15
RGD-0071,CAND_SINANODONTA_SP_FULL_020,Sinanodonta_sp.,life_span_bin__le_1yr,0,douda_2024_sinanodonta_review,EV_DOUDA2024_SINANODONTA_LIFE_001,OS,accepted_after_user_review,eligible_reviewed,人工审阅完成：按用户说明，模板空白候选视为接受；未追加单独备注。,2026-05-15
RGD-0072,CAND_SINANODONTA_SP_FULL_021,Sinanodonta_sp.,life_span_bin__gt_1yr,3,douda_2024_sinanodonta_review,EV_DOUDA2024_SINANODONTA_LIFE_001,OS,accepted_after_user_review,eligible_reviewed,人工审阅完成：按用户说明，模板空白候选视为接受；未追加单独备注。,2026-05-15
RGD-0073,CAND_SINANODONTA_SP_FULL_022,Sinanodonta_sp.,aquatic_stage__egg_larva_aquatic,3,douda_2024_sinanodonta_review,EV_DOUDA2024_SINANODONTA_LIFE_001,OS,accepted_after_user_review,eligible_reviewed,人工审阅完成：按用户说明，模板空白候选视为接受；未追加单独备注。,2026-05-15
RGD-0074,CAND_SINANODONTA_SP_FULL_023,Sinanodonta_sp.,aquatic_stage__fully_aquatic,3,douda_2024_sinanodonta_review,EV_DOUDA2024_SINANODONTA_LIFE_001,OS,accepted_after_user_review,eligible_reviewed,人工审阅完成：按用户说明，模板空白候选视为接受；未追加单独备注。,2026-05-15
