taxon_id,max_size_coarse__lt_10mm,max_size_coarse__ge_approx_10mm,shape_S1_streamlined,shape_S2_non_streamlined,armour_AR1_none,armour_AR2_weak,armour_AR3_strong,locomotion__burrower_interstitial,locomotion__crawler_climber_sprawler,locomotion__clinger,locomotion__mobile_swimmer_planktonic_skater_flier,feeding_group__collector_gatherer,feeding_group__collector_filterer,feeding_group__scraper_grazer,feeding_group__shredder,feeding_group__predator_piercer,feeding_group__parasite,respiration__integument,respiration__gill,respiration__aerial_any,dispersal_mode__aquatic_passive,dispersal_mode__terrestrial_passive,dispersal_mode__terrestrial_active,aquatic_stage__egg_larva_aquatic,aquatic_stage__fully_aquatic,sexual_maturity_duration__short,sexual_maturity_duration__long,life_span_bin__le_1yr,life_span_bin__gt_1yr,voltinism__semivoltine_lt_1_generation_per_year,voltinism__univoltine_1_generation_per_year,voltinism__multivoltine_gt_1_generation_per_year,fertilization_mode__internal,fertilization_mode__external,oviposition_mode__egg_mass,oviposition_mode__ovoviviparity,oviposition_mode__soft_chorion
Sinanodonta_sp.,0,1,0,2,0,0,2,1,0,0,0,0,1,0,0,0,0,0,1,0,1,0,0,,,0,1,0,3,0,,,0,1,0,0,1
Pseudovivipara_sp.,0,1,0,2,0,0,2,0,1,0,0,0,0,1,0,0,0,0,0,1,1,0,0,2,2,0,1,0,2,0,0,2,1,0,1,0,0
Glyptotendipes_sp.,1,0,,,,,,1,0,0,0,1,0,0,0,0,0,0,1,0,0,1,0,3,0,1,0,3,0,0,0,3,1,0,1,0,0
Lamprotula_sp.,0,1,0,1,0,0,1,1,0,0,0,0,1,0,0,0,0,0,1,0,1,0,0,1,1,0,1,0,3,0,2,1,0,1,0,0,1
Rivularia_sp.,0,1,,,0,0,3,0,1,0,0,,,,,,,,,,,,,,,,,,,,,,,,,,
Dicrotendipes_sp.,1,0,,,,,,1,0,0,0,1,0,0,0,0,0,0,1,0,0,1,0,,,1,0,,,0,0,3,1,0,1,0,0
Semisulcospira_sp.,0,1,0,2,0,0,2,0,1,0,0,0,0,1,0,0,0,0,0,1,1,0,0,2,2,0,1,0,3,0,0,2,1,0,1,0,0
Sinotaia_sp.,0,1,0,2,0,0,2,1,0,1,0,0,0,1,0,0,0,1,1,0,1,0,0,2,2,0,1,0,1,0,0,2,1,0,0,1,0
Benthalia_sp.,0,1,,,,,,,,,,,,1,1,,,,,,,,,3,0,,,,,,3,3,,,1,,
Pomacea_sp.,0,1,0,2,0,0,2,0,1,1,0,1,0,1,0,0,0,0,1,1,,,,2,1,,,0,2,0,1,1,,,,,
Corbicula_sp.,0,1,2,1,0,0,3,1,1,1,1,1,1,0,0,0,3,1,1,1,,,,2,2,,,0,2,0,2,3,,,,,
Limnoperna_sp.,0,1,0,2,0,0,2,1,0,0,0,0,1,0,0,0,0,0,0,1,1,0,0,2,2,0,1,0,3,0,0,2,0,1,0,0,1
Procladius_sp.,0,1,,,,,,0,1,0,0,0,0,0,0,1,0,0,1,0,0,1,0,,,1,0,3,0,0,,,1,0,1,0,0
Chironomus_sp.,0,1,,,,,,1,0,0,0,1,0,0,0,0,,0,1,0,0,1,0,,,1,0,,,,,,1,0,1,0,0
Cryptochironomus_sp.,,,,,,,,0,1,0,0,0,0,0,0,1,0,,,,,,,,,,,,,,,,,,,,
Limnodrilus_sp.,0,1,0,2,2,0,0,1,0,1,0,1,0,1,0,0,0,1,0,0,1,0,0,0,2,1,0,0,2,0,0,2,1,0,1,0,0
Lanceolaria_sp.,0,1,0,1,0,0,1,0,0,1,0,0,1,0,0,0,0,,1,0,1,0,0,1,1,0,1,0,3,0,2,1,0,1,0,0,1
Whitmania_sp.,0,1,2,0,2,0,0,0,1,0,1,0,0,0,0,1,3,,0,0,,,,2,2,,,0,2,0,2,0,,,,,
Cryptotendipes_sp.,,,,,,,,0,1,0,0,1,0,0,0,0,0,,,,,,,,,,,,,,,,,,,,
Rheotanytarsus_sp.,1,0,,,,,,0,0,1,0,0,1,0,0,0,,0,1,0,0,1,0,,,1,0,,,,,,1,0,1,0,0
Polypedilum_sp.,1,0,,,,,,0,1,0,0,1,0,0,0,0,0,0,1,0,0,1,0,3,0,1,0,3,0,0,0,3,1,0,1,0,0
Hemiclepsis_sp.,0,1,2,0,2,0,0,0,0,1,0,0,0,0,0,1,2,1,0,0,1,0,0,2,1,1,0,0,0,0,3,0,1,0,1,0,0
Macrobrachium_sp.,0,1,2,1,0,2,2,0,1,0,1,0,0,0,1,0,0,0,1,1,,,,2,2,,,0,2,0,0,2,,,,,
Microchironomus_sp.,1,0,,,,,,0,1,0,0,1,0,0,0,0,0,0,1,0,0,1,0,,,1,0,3,0,0,0,3,1,0,1,0,0
Cricotopus_sp.,1,0,,,,,,0,1,0,0,0,0,1,0,0,,0,1,0,0,1,0,,,1,0,,,,,,1,0,1,0,0
Baetis_sp.,1,1,2,1,2,3,0,,1,1,1,1,1,1,0,0,0,1,1,,,,,3,0,,,2,1,0,2,3,,,,,
Branchiura_sp.,0,1,0,3,3,0,0,1,1,0,0,1,0,0,0,0,0,1,1,0,1,0,0,0,2,1,0,0,2,0,0,3,1,0,1,0,0
Tanytarsus_sp.,1,0,,,,,,0,1,0,0,0,1,0,0,0,,0,1,0,0,1,0,,,1,0,,,,,,1,0,1,0,0
Ablabesmyia_sp.,0,1,,,,,,0,1,0,0,0,0,0,0,1,0,0,1,0,0,1,0,,,1,0,3,0,0,3,0,1,0,1,0,0
Ictinogomphus_sp.,,,,,,,,,,,,0,0,0,0,1,0,,,,,,,,,,,,,3,3,0,,,,,
Palaemon_sp.,0,1,2,1,0,1,1,0,,0,1,0,0,0,,0,0,0,,,,,,2,2,,,2,1,0,2,2,,,,,
Nodularia_sp.,0,1,0,1,0,0,1,1,0,1,0,0,1,0,0,0,1,,1,0,1,0,0,1,1,0,1,0,3,0,2,0,0,1,0,0,1
Cuneopsis_sp.,0,1,,,,,,,,,,,,,,,,,,,,,,,,,,,,,,,,,,,
Micropsectra_sp.,,,,,,,,0,1,0,0,1,1,0,0,0,0,,,,,,,,,,,,,0,0,3,,,,,
Acuticosta_sp.,0,1,0,2,,,,1,0,0,0,0,1,0,0,0,,0,1,0,1,0,0,,,0,1,,,,,,0,1,0,0,1
Rhyacodrilus_sp.,0,1,,,,,,1,0,0,0,1,0,0,0,0,,1,0,0,1,0,0,,,1,0,,,,,,1,0,1,0,0
Cipangopaludina_sp.,0,1,0,2,0,0,2,1,0,1,0,0,0,1,0,0,0,1,1,0,,,,2,2,,,0,2,0,0,2,,,,,
